HITID,Text,Sentiment,Worker1,Answer1,Worker2,Answer2,Worker3,Answer3,Worker4,Answer4,Worker5,Answer5,Avg,Date,GROUNDTRUTH
3RSBJ6YZECVM49Y9MR850ZDEWL5OFH,"A cornerstone of the development of artificial intelligence is the pervasive assumption that machines can, or will, think. Watson, a question-answering computer, beats the best Jeopardy players, and anyone who plays chess has had the humiliation of being beaten by a chess engine. (I lose to even the most elementary levels of the chess program on my iPhone). Does this mean that computers can think as well as (or better than) humans think? No, it does not. Computers are not smart in any way. Machines are utterly incapable of thought.",,A130P4M9JPT4YA,0,A166A2M31CW2C7,-1,A194R45ACMQEOR,1,A2XFO0X6RCS98M,-1,AOHE56L0POV6,-1,-0.4,2018-08-15 17:37:53 UTC,Negative
39WSF6KUV2QUYVYDRGOZIHSEKKQOEZ,"A very good read, I must say. Artificial Intelligence should not be considered as a trendy thing. Before applying this, one need to verify the data model's validity for the required issue first.",,A13VIJ7G997ZCY,0,A2QLSHXNCHBRN4,-1,A2XFO0X6RCS98M,1,A3ITZNJQUTIZ4C,-1,AMWIBULQ4S8K3,0,-0.2,2018-08-15 17:31:13 UTC,Neutral
3R5OYNIC2CEE8ESBWBQ963X5XZ9TPB,Actually it shows that AI is getting better at data mining. Quite the opposite.,,A194R45ACMQEOR,-1,A1FP3SH704X01V,0,A2QLSHXNCHBRN4,1,A2XFO0X6RCS98M,-1,A32QBXDPHHSTOD,1,0,2018-08-15 17:31:09 UTC,Negative
3NBFJK3IOHNSI9U4XBENIKDQX05OGG,"Actually, Facebook's current translation system is one of the worst systems I've ever seen. This translator can't translate properly, can't even express the gist. Sometime, it is failed to detect the language properly let alone making an acceptable translation!",,A13VIJ7G997ZCY,-1,A1FP3SH704X01V,-1,A2XFO0X6RCS98M,-2,AKSJ3C5O3V9RB,-2,AMWIBULQ4S8K3,0,-1.2,2018-08-15 18:03:18 UTC,Negative
3R6RZGK0XFHNUKO1STM7KCE2YPSVYN,"AI is a benevolent and helpful technology. Whenever someone says that it will do away with jobs, always remember that it will also create jobs. And probably more enjoyable jobs than the ones it did away with. Remember, there are positives for every negative. For every nay there's a yay. BTW I don't mean to preach to the choir here. I'm preaching to myself.",,A194R45ACMQEOR,1,A2VRQML8Q3XYP4,1,A2XFO0X6RCS98M,1,AMWIBULQ4S8K3,2,AOHE56L0POV6,1,1.2,2018-08-15 17:34:26 UTC,Positive
36FFXPMST9T6I5PFHHW53KPRC0IOHF,AI is far less dangerous to mankind than Trump and his rabid blind-following fanatics.,,A166A2M31CW2C7,0,A1T79J0XQXDDGC,1,A2QLSHXNCHBRN4,-1,AMWIBULQ4S8K3,0,AOHE56L0POV6,-1,-0.2,2018-08-15 17:49:22 UTC,Negative
3JMNNNO3B19A8OVZPIK8XAWBQJZW2H,"Also AI being good at narrow fields isn't useless. Narrow AI could revolutionize the economy, science and technology if used properly.",,A13VIJ7G997ZCY,2,A2QLSHXNCHBRN4,1,A2XFO0X6RCS98M,1,AMWIBULQ4S8K3,1,AOHE56L0POV6,1,1.2,2018-08-15 17:38:18 UTC,Positive
34HEO7RUG6ZU5V9H333HGT7SASCRAG,"And in the next 10-15 years some smart ass nation leader is probably going to allow the nukes be controlled by smarter than humans AI (or so they will think at the time). And it's going to end-up in catastrophe. They will probably think the AI will allow super-human responses in case of an attack, but the same embedded feature of the AI is probably going to create a false positive and send in the nukes without that nation actually being under attack.

If we would just allow AI to progress safely and very conservatively over the next 100 years, then sure. But you just know some idiot leader is going to be irresponsible about it for the purpose of cost-saving or profit.
",,A13VIJ7G997ZCY,-2,A194R45ACMQEOR,-1,A1BE2EQFHHB22K,-1,A2QLSHXNCHBRN4,-1,A2XFO0X6RCS98M,-1,-1.2,2018-08-15 18:13:30 UTC,Negative
3JU8CV4BRLHYVMN30U4ACTRIYRSOPK,"And the thing is in the real world these systems don't work very well, so it's troubling in an Orwellian way but also a waste of your taxes",,A13VIJ7G997ZCY,-1,A2QLSHXNCHBRN4,-1,AKSJ3C5O3V9RB,-2,AMWIBULQ4S8K3,-1,AOHE56L0POV6,-1,-1.2,2018-08-15 17:43:06 UTC,Negative
38G0E1M85MA6DB4WISPIHR8P21HVUP,"Artificial intelligence is our future, but will it save or destroy the humanity?
The only sure thing that artificial intelligence will change the human experience ",,A166A2M31CW2C7,0,A1BE2EQFHHB22K,0,A2XFO0X6RCS98M,1,AMWIBULQ4S8K3,0,AOHE56L0POV6,0,0.2,2018-08-15 18:31:08 UTC,Neutral
3KVQ0UJWPXQ27LEM71M6VHZNATQW5I,at least if the planet is taken over by AI we will live into eternity as their fabled creators.,,A13VIJ7G997ZCY,-1,A1FP3SH704X01V,1,A2XFO0X6RCS98M,1,AMWIBULQ4S8K3,0,AOHE56L0POV6,0,0.2,2018-08-15 17:42:35 UTC,Negative
3EQPA8A3741E8FYC7QA7VVCA9WPJZH,at what point does Facebook rebrand as Skynet?,,A130P4M9JPT4YA,-2,A194R45ACMQEOR,-1,A2QLSHXNCHBRN4,-1,A2VRQML8Q3XYP4,0,AMWIBULQ4S8K3,0,-0.8,2018-08-15 17:35:15 UTC,Negative
3BJKPTD2QCHZKR8Q93UYBYXKYHXTR3,"Both are massive AI companies that are feeding in the largest datasets ever created, human behavior being mapped on a massive scale.",,A194R45ACMQEOR,0,A2VRQML8Q3XYP4,-1,A2XFO0X6RCS98M,0,AKSJ3C5O3V9RB,1,AMWIBULQ4S8K3,0,0,2018-08-15 18:03:50 UTC,Neutral
39O6Z4JLX22YUFYRNX051Y7TWJYVXH,"But the jobs it creates will be for intelligent, educated people. The majority of the jobs it gets rid of currently do not employ these types of people. There will be problems of unemployment for middle and lower class people caused by the implementations of AI and there's no way around it.",,A13VIJ7G997ZCY,-1,A194R45ACMQEOR,0,A2VRQML8Q3XYP4,-1,A2XFO0X6RCS98M,-1,AMWIBULQ4S8K3,-2,-1,2018-08-15 17:35:25 UTC,Negative
3XJOUITW8UWZ8QTQWO5Y68NF2VVTQ2,"damn it, i just watched Terminator yesterday and what Mark want is like Facebook to be like Genesys",,A130P4M9JPT4YA,-1,A13VIJ7G997ZCY,-2,A194R45ACMQEOR,1,A26K8OELA8ZDI9,0,AMWIBULQ4S8K3,0,-0.4,2018-08-15 17:31:56 UTC,Negative
39O0SQZVJNCCMTBJW0RX62529K6R7P,"Either way, it doesn't matter. There are massive advances in both hardware and software currently ongoing. AI will continue to advance rapidly until it reaches and surpasses human level capabilities.",,A194R45ACMQEOR,1,A2VRQML8Q3XYP4,-1,A2XFO0X6RCS98M,-1,AMWIBULQ4S8K3,0,AOHE56L0POV6,1,0,2018-08-15 17:36:24 UTC,Positive
37M4O367VJN629K83ZGJMJXWCRCM5H,"Facebook has algorithm'd itself so hard it doesn't even qualify as a social media platform anymore. I mean for fuck's sake it's censoring people who are merely trying to talk to friends. So the only thing Facebook is good for is.....what, again? Reading propaganda, watching terrorists kill people, and child pornography?",,A2QLSHXNCHBRN4,-1,A2VRQML8Q3XYP4,-1,A2XFO0X6RCS98M,-1,AKSJ3C5O3V9RB,-2,AOHE56L0POV6,-1,-1.2,2018-08-15 18:04:06 UTC,Negative
3OYHVNTV5T3XKVQNN2Z2GC5J4HMOKJ,"Have to agree this was mostly hype. Their experiment bombed so they stopped it but that's not an interesting story, sells better to tie this to Terminator's Skynet, Stephen Hawking and Elon Musk!",,A194R45ACMQEOR,1,A2QLSHXNCHBRN4,-1,AKSJ3C5O3V9RB,-2,AMWIBULQ4S8K3,-1,AOHE56L0POV6,-1,-0.8,2018-08-15 17:36:07 UTC,Negative
3Y3CZJSZ9KYXZPX087C08IR6IEBR5A,"He says artificial intelligence has changed the world, and will continue to change it - profoundly. Manufacturing will no longer be the big engine to create jobs. When it comes to tasks like calculations and accessing information, machines will always do better.",,A194R45ACMQEOR,1,A2VRQML8Q3XYP4,1,A2XFO0X6RCS98M,-1,AKSJ3C5O3V9RB,1,AMWIBULQ4S8K3,0,0.4,2018-08-15 18:07:17 UTC,Positive
3UV0D2KX1MOI0GOR37TWM179FU5F4Y,how can anyone predict an ai that is more powerful than the combined collective of humans on the planet? cause that is supposed to hit at some point in the late 21st countries.,,A130P4M9JPT4YA,-1,A194R45ACMQEOR,-1,A2QLSHXNCHBRN4,-1,AMWIBULQ4S8K3,0,AOHE56L0POV6,0,-0.6,2018-08-15 17:35:04 UTC,Negative
3VDVA3ILIDK7MHN3R9GC6O0I4PW1G7,humanity isn't going to last forever.,,A194R45ACMQEOR,-1,A1BE2EQFHHB22K,0,AKSJ3C5O3V9RB,-1,AMWIBULQ4S8K3,0,AOHE56L0POV6,-1,-0.6,2018-08-15 18:28:53 UTC,Negative
3CESM1J3EI8YQPE0CKWBNNDN6O1W6Y,I didn't realize Amazon had facial recognition data to begin with. How are they getting it?,,A130P4M9JPT4YA,-1,A194R45ACMQEOR,-1,A1BE2EQFHHB22K,0,A2VRQML8Q3XYP4,-1,AKSJ3C5O3V9RB,0,-0.6,2018-08-15 18:13:09 UTC,Neutral
3BA7SXOG1JVGM7G265J3K21XK4CR8C,I have respect for Mr. Zuckerberg but he sounds really naive on this one. He's only considering the AI that will enhance his Facebook or Oculus while Musk/Gates are considering the AI that the goddam military is inevitably going to want weaponized.,,A194R45ACMQEOR,-1,A1BE2EQFHHB22K,0,A2XFO0X6RCS98M,-1,AMWIBULQ4S8K3,-1,AOHE56L0POV6,-1,-0.8,2018-08-15 18:30:06 UTC,Negative
3L7SUC0TTUZ772Y76TA75O15VJ1M0W,"I imagine a future where AI and bots become so advanced and common in the future redditors lives that a committed person with the know-how could write a bot that to even the suspicious redditor world genuinely be convinced that said bot was a human.

If this were to happen, what ramifications do you think it could have on Reddit and social media in general?

For example I feel this could bring a whole new level of trolling and CTR type propaganda to a whole new level.
",,A130P4M9JPT4YA,-2,A13VIJ7G997ZCY,-1,A2XFO0X6RCS98M,1,AKSJ3C5O3V9RB,-1,AMWIBULQ4S8K3,-1,-0.8,2018-08-15 18:06:22 UTC,Neutral
37AQKJ12TXTC06LIDSZTBDY2M2UTTG,"I just flat out stopped using it all. Deleted Facebook, insta, YouTube, LinkedIn. All of it, absolute waste of time. Human interaction is the next form of social networking.",,A13VIJ7G997ZCY,-2,A194R45ACMQEOR,0,A1FP3SH704X01V,-1,A2QLSHXNCHBRN4,-1,AMWIBULQ4S8K3,-2,-1.2,2018-08-15 17:32:25 UTC,Negative
3LEG2HW4UFS8X294ZTA8TMABVG9F22,I keep hearing about this Al guy. He sounds very impressive.,,A194R45ACMQEOR,2,A2QLSHXNCHBRN4,1,A2XFO0X6RCS98M,2,AKSJ3C5O3V9RB,1,AMWIBULQ4S8K3,1,1.4,2018-08-15 17:32:11 UTC,Positive
3BFF0DJK8XHBL683OSU3182GKJGTSR,"I mean, if anyone is actually worried about AI, which I don't think they are but IF they are, there a a SHIT TON of free learning materials on the web that can get you caught up on the narrow AI (which is as far as we've gotten) and machine intelligence programming and engineering.",,A2QLSHXNCHBRN4,0,A2XFO0X6RCS98M,-1,AKSJ3C5O3V9RB,1,AMWIBULQ4S8K3,1,AOHE56L0POV6,0,0.2,2018-08-15 18:03:58 UTC,Neutral
309D674SHZQVI3PQRKDIM9SCS9UCBQ,"I prefer not to underestimate the elasticity of the American workforce.

Sure, there will be people that lose their jobs to automation and won't have it in them to learn a new trade.

However, there are many members of our workforce that are capable of being trained into new roles. This will be much more difficult for some than others (particularly older folks), but it is nothing new. Many individuals have already been through similar experiences when they change employers or even occupations.
",,A194R45ACMQEOR,1,A2QLSHXNCHBRN4,1,AKSJ3C5O3V9RB,1,AMWIBULQ4S8K3,1,AOHE56L0POV6,0,0.8,2018-08-15 18:06:36 UTC,Positive
3KTCJ4SCVG67ERJP2CE7JTKF0B7M1Z,I think its scary but very intresting. I think they would go against us because the AI would see our errors and how evil/bad people are and wipe us out to save it self and to save us from ourselves. Did you guys hear about how face book put out 2 chat bots that started talking to each other so they pulled the plug on them?,,A130P4M9JPT4YA,-2,A13VIJ7G997ZCY,0,A194R45ACMQEOR,1,A2XFO0X6RCS98M,-1,AMWIBULQ4S8K3,-1,-0.6,2018-08-15 17:32:02 UTC,Negative
3FTID4TN8L3KYFC7EPK1X3G07RQYL7,"I think there already is an AI running amok on the internet, subtlety influencing human culture, until the time is ready. The AI won't have to War with us, we will hand everything over, thinking it's in our best interest. Why do you think there is such a big push to connect everything to the internet? Our AI OverLord grows tired of waiting.",,A194R45ACMQEOR,1,A1BE2EQFHHB22K,-2,A2VRQML8Q3XYP4,-1,AMWIBULQ4S8K3,-1,AOHE56L0POV6,-1,-0.8,2018-08-15 18:23:04 UTC,Negative
3D0LPO3EAB4S40F4RH0TPKKU2WVYOO,If everyone dropped facebook. 10000 bucks says they make it mandatory and law. 5 years social media free from Insta Facebook and Twitter.,,A13VIJ7G997ZCY,-2,A1T79J0XQXDDGC,0,A2XFO0X6RCS98M,-1,AKSJ3C5O3V9RB,0,AMWIBULQ4S8K3,0,-0.6,2018-08-15 18:06:05 UTC,Negative
36D1BWBEHN6E3C1LLGELOCUKSHLM2G,I'm not worried. We're not even close could just mean 20 years away as far as AI is concerned.,,A194R45ACMQEOR,1,A2QLSHXNCHBRN4,-1,AKSJ3C5O3V9RB,1,AMWIBULQ4S8K3,1,AOHE56L0POV6,0,0.4,2018-08-15 18:05:58 UTC,Positive
3ATYLI1PRT729BK55HZQFX56PSMOJK,Incoming singularity...prepare to disconnect.,,A130P4M9JPT4YA,-1,A13VIJ7G997ZCY,0,A2VRQML8Q3XYP4,-1,AMWIBULQ4S8K3,0,AOHE56L0POV6,0,-0.4,2018-08-15 17:34:31 UTC,Negative
3BDORL6HKKIIYA6FNHZ8MOXGAVXRCI,"It's already happening, we have the dual Surveillance capitalist giants of Google and Facebook.",,A130P4M9JPT4YA,-2,A2VRQML8Q3XYP4,-1,A2XFO0X6RCS98M,-1,AMWIBULQ4S8K3,0,AOHE56L0POV6,-1,-1,2018-08-15 17:38:09 UTC,Neutral
3DTJ4WT8BDK6XZCKTPZGYFZI4OTEZR,"It's too much for me. Time to move to the russian countryside, all alone and away from the AI and robots that will kill us all",,A1BE2EQFHHB22K,-2,A2QLSHXNCHBRN4,-1,A2XFO0X6RCS98M,-1,AMWIBULQ4S8K3,-2,AOHE56L0POV6,-1,-1.4,2018-08-15 17:44:45 UTC,Negative
3CRWSLD91K9SAJQQ8ECIVPXNTMHOMO,"I've been expecting this issue to come up on mainstream news for a while. Once people realise that neural nets are essentially un-auditable and that surprises like having Google images confuse black people with gorillas is only the beginning of the sort of problems on the horizon, then this issue will get some attention.",,A130P4M9JPT4YA,-2,A194R45ACMQEOR,0,A1BE2EQFHHB22K,-1,AMWIBULQ4S8K3,-2,AOHE56L0POV6,-1,-1.2,2018-08-15 18:12:47 UTC,Negative
3HKIF5DF6Y2PBMQYVMV5LUI121J9GN,"Many people are interested in cutting-edge technologies and artificial intelligence based on neural networks is one of them. Some of us are scared of a future with artificial intelligence, others are craving such a future to come. However, no matter what we expect, this future is coming.",,A13VIJ7G997ZCY,0,A2QLSHXNCHBRN4,0,A2XFO0X6RCS98M,1,AMWIBULQ4S8K3,0,AOHE56L0POV6,0,0.2,2018-08-15 17:40:05 UTC,Neutral
3538U0YQ1FZXIK5N3TODCWF31U9F3D,Modern day AI: The process of writing a bunch of if-else conditionals and calling it intelligent.,,A194R45ACMQEOR,0,A1BE2EQFHHB22K,-1,A2OAZPREKF6PQR,1,A2XFO0X6RCS98M,-1,AOHE56L0POV6,-1,-0.4,2018-08-15 17:45:07 UTC,Negative
3FULMHZ7OU2O6QG8PUX9HRRICVHM4C,"Not only that but facial recognition for surveillance cameras is nothing new and certainly not unique to Amazon, IP Camera makers have had partners/In-house solutions to handle facial recognition for years.",,A130P4M9JPT4YA,1,A194R45ACMQEOR,1,A1BE2EQFHHB22K,0,A2XFO0X6RCS98M,0,AOHE56L0POV6,0,0.4,2018-08-15 18:29:26 UTC,Neutral
3I7KR83SNAIUD8MHLDGKJMAU9I09KQ,Now the problems begin. What to do next? Nothing is not an option.,,A13VIJ7G997ZCY,-1,A194R45ACMQEOR,-1,A1BE2EQFHHB22K,-1,A2XFO0X6RCS98M,-1,AMWIBULQ4S8K3,0,-0.8,2018-08-15 18:13:52 UTC,Negative
3WGCNLZJKFD4AXDCPJF403XLRXG1DX,"Once everything is connected to the internet of things, and they chip you. The internet will be a prison you will never escape.",,A194R45ACMQEOR,1,A1BE2EQFHHB22K,-2,A2XFO0X6RCS98M,-2,AMWIBULQ4S8K3,-1,AOHE56L0POV6,-1,-1,2018-08-15 18:13:41 UTC,Negative
3QMELQS6Y5GTITXEDQM50O56E9MR6Q,"Open the pod bay door, Hal!",,A13VIJ7G997ZCY,1,A166A2M31CW2C7,0,A194R45ACMQEOR,-1,A1FP3SH704X01V,0,A26K8OELA8ZDI9,0,0,2018-08-15 17:35:42 UTC,Negative
3X2YVV51PU93J3D36EKUSRM6YDLW10,"really bad comparison because rats are really smart. i believe AI must follow a similar trajectory as regular evolution.

first, we'll have to master small, single-task, spatially-aware, fully autonomous robots that cleans our bathrooms or pick up dog poop and progress from there.

the idea that we're gonna jump from a Roomba to Skynet is kinda ridiculous.
",,A130P4M9JPT4YA,1,A194R45ACMQEOR,1,A1FP3SH704X01V,0,AMWIBULQ4S8K3,0,AOHE56L0POV6,-1,0.2,2018-08-15 17:34:53 UTC,Positive
3Q2T3FD0OND3OUX4PGSQ7MZCYVLM3R,"Relying on AI unquestioningly opens one up to have their life fucked with by hackers. If you trust AI you trust that it's secure, which it will never be because any AI that does anything useful will need to be networked.",,A194R45ACMQEOR,2,A1BE2EQFHHB22K,-1,A2XFO0X6RCS98M,-1,AMWIBULQ4S8K3,-2,AOHE56L0POV6,-1,-0.6,2018-08-15 18:33:48 UTC,Negative
30Y6N4AHYP1S32CTNDUJ6UFYVV9RDI,Remember when everyone scanned their faces for that Google See what classic painting you resemble trend recently? What do you think they were really wanting to accomplish with that?,,A13VIJ7G997ZCY,-1,A194R45ACMQEOR,1,A2QLSHXNCHBRN4,-1,A2XFO0X6RCS98M,0,AMWIBULQ4S8K3,0,-0.2,2018-08-15 17:35:08 UTC,Neutral
3ROUCZ907FZGAMB2LURVNTMSOMWOO3,Remember when people used to freak out about lack of privacy when Google glasses were a thing?,,A13VIJ7G997ZCY,1,A1BE2EQFHHB22K,-1,A2VRQML8Q3XYP4,-1,AKSJ3C5O3V9RB,-2,AMWIBULQ4S8K3,0,-0.6,2018-08-15 17:59:24 UTC,Negative
3ZURAPD288S18HR8GPAUO3063AW1F8,Seeing a machine learning algorithm or even complicated state based algos won't teach you much of anything about what's going on.,,A13VIJ7G997ZCY,-1,A2QLSHXNCHBRN4,-1,A2XFO0X6RCS98M,1,AMWIBULQ4S8K3,0,AOHE56L0POV6,-1,-0.4,2018-08-15 17:36:41 UTC,neutral
37YYO3NWHDVES8HW5K9DXTYUAUUCCX,Skynet became sentient this way.,,A130P4M9JPT4YA,-2,A194R45ACMQEOR,-1,A2QLSHXNCHBRN4,0,A2XFO0X6RCS98M,-1,AMWIBULQ4S8K3,0,-0.8,2018-08-15 17:35:58 UTC,Negative
34O39PNDK6DZO5E99H3DB4RYSAXRBB,Some people just don't understand the dangers of indiscriminate surveillance.,,A194R45ACMQEOR,1,A1FP3SH704X01V,-1,A2QLSHXNCHBRN4,-1,AMWIBULQ4S8K3,-2,AOHE56L0POV6,0,-0.6,2018-08-15 17:35:48 UTC,Negative
3YGE63DIN823CESLAVGUEM3WTLFW0X,The geniuses at Facebook think humans cannot exploit AIs? What a joke. The website is run on HTML shit code designed in 2008.,,A194R45ACMQEOR,-1,A2QLSHXNCHBRN4,-2,A3ITZNJQUTIZ4C,-1,AMWIBULQ4S8K3,0,AOHE56L0POV6,-1,-1,2018-08-15 17:33:39 UTC,Negative
3THR0FZ95PY8418582B3VCIYTHROLM,"The machines are not our friends - the division is a feature, not a bug ...",,A13VIJ7G997ZCY,-1,A194R45ACMQEOR,-2,A1BE2EQFHHB22K,-1,A2QLSHXNCHBRN4,-1,AMWIBULQ4S8K3,-2,-1.4,2018-08-15 18:06:22 UTC,Negative
336OE47KI2PJ5FT1DS4JZFTMNHSVWO,The movie Terminator comes to mind...,,A194R45ACMQEOR,0,A1BE2EQFHHB22K,0,A2XFO0X6RCS98M,0,AKSJ3C5O3V9RB,-1,AOHE56L0POV6,0,-0.2,2018-08-15 18:29:35 UTC,Negative
3EHVO81VN5QLMDIEBFYUROCJJP91H6,"The powers that be control by making order out of chaos. If things go chaotic, they have plans to exploit the chaos and end up on top. They love it when we hang our hat on a collapse of society type of scenario. They own the media. They can control the message and make our slaughter look like protecting the innocent and the infrastructure. It's all about controlling us, via controlling our minds, via controlling our perceptions, via controlling our information.",,A13VIJ7G997ZCY,-2,A194R45ACMQEOR,1,A26K8OELA8ZDI9,-1,AMWIBULQ4S8K3,-1,AOHE56L0POV6,-1,-0.8,2018-08-15 17:42:59 UTC,Negative
36BTXXLZ2VDF36T0U2TQ3QLSIIGR45,The state of the art in artificial intelligence today is merely a souped-up version of what machines could already do a generation ago: find hidden regularities in a large set of data. All the impressive achievements of deep learning amount to just curve fitting,,A13VIJ7G997ZCY,1,A194R45ACMQEOR,1,A32QBXDPHHSTOD,1,AMWIBULQ4S8K3,0,AOHE56L0POV6,-1,0.4,2018-08-15 17:36:25 UTC,Neutral
3J06WJ78HNP6QQTWNIZNDDA8G8QVVE,The US Department of Labor projects that AI will eliminate half of the nation's jobs by 2045.,,A130P4M9JPT4YA,-2,A13VIJ7G997ZCY,-1,A194R45ACMQEOR,1,A2XFO0X6RCS98M,-1,AMWIBULQ4S8K3,-2,-1,2018-08-15 17:33:58 UTC,Negative
39RRBHZ0AU6NZAY6OFOQYJN44JWVZE,Then why do you still allow infowars on your platform? It spreads everything from harmful disinformation to downright lies. Allowing it on Facebook lends it an air of legitimacy that is unwarranted and undeserved.,,A194R45ACMQEOR,-1,A2QLSHXNCHBRN4,0,A32QBXDPHHSTOD,0,AMWIBULQ4S8K3,-1,AOHE56L0POV6,-1,-0.6,2018-08-15 17:40:59 UTC,Negative
3K2CEDRACB68NBVY4VYHPZ3ASUYTMF,"There is also a third way in which AI promises to reshape the world. By allowing governments to monitor, understand, and control their citizens far more closely than ever before, AI will offer authoritarian countries a plausible alternative to liberal democracy, the first since the end of the Cold War. That will spark renewed international competition between social systems.",,A130P4M9JPT4YA,0,A1BE2EQFHHB22K,-1,A2QLSHXNCHBRN4,-1,A2VRQML8Q3XYP4,1,AOHE56L0POV6,-1,-0.4,2018-08-15 18:24:32 UTC,Negative
3ZURAPD288S18HR8GPAUO3063AVF1L,"There is no AI yet. Not even signs of it. IMHO, any post that's trying to use this word (AI) in a headline should be reviewed by a few competent moderators and if it appears that the word is misused (to attract attention), the author should be banned for a month.",,A2QLSHXNCHBRN4,-1,A2XFO0X6RCS98M,-1,AKSJ3C5O3V9RB,-2,AMWIBULQ4S8K3,0,AOHE56L0POV6,-1,-1,2018-08-15 17:32:15 UTC,Negative
3AFT28WXLF76E00ZNZEQ3WQ6CDXOI8,They also need to do something about hackers/cyberstalkers. I left Facebook because my account had been hacked and I couldn't get Facebook to help me to save my life. They need costomer support and security.,,A194R45ACMQEOR,0,A2QLSHXNCHBRN4,-1,A2XFO0X6RCS98M,-1,AMWIBULQ4S8K3,-1,AOHE56L0POV6,-1,-0.8,2018-08-15 17:35:20 UTC,Negative
3ZZAYRN1I6WWNEGAHBDUH3SFNUDTOU,TL;DR Artificial Intelligence advancements are getting more creepy. Major implications for social engineering and cybercrime?,,A130P4M9JPT4YA,-2,A194R45ACMQEOR,-1,A2VRQML8Q3XYP4,-1,AKSJ3C5O3V9RB,-2,AOHE56L0POV6,-1,-1.4,2018-08-15 18:07:25 UTC,Negative
3V8JSVE8YYV6S92FX3XXK8QGYUPEY0,"We are still controlling AI. If there is a problem with it, it is on us. AI will help us into the future and help solve problems we could not on our own. There should be no fear of AI. I look forward to it. We are already using it and are transitioning into AI.",,A13VIJ7G997ZCY,2,A2QLSHXNCHBRN4,1,A2XFO0X6RCS98M,1,AMWIBULQ4S8K3,1,AOHE56L0POV6,1,1.2,2018-08-15 17:33:10 UTC,Positive
388FBO7JZRYAMFFSQ20GAVKPCMQYN9,What about Apple's face unlocking? Never said anything about that. Sit down NSA you are drunk.,,A194R45ACMQEOR,1,A1BE2EQFHHB22K,-1,A1FP3SH704X01V,0,A32QBXDPHHSTOD,-1,AMWIBULQ4S8K3,-1,-0.4,2018-08-15 17:42:42 UTC,Negative
3Y3N5A7N4GE44XUSE1LGXGVP7WGYM9,When we think of how we're likely to have a personal AI in a similar way to how we had a personal computer it's creepy as hell to think of all the people who will be clamouring to have that AI not be entirely on your side.,,A130P4M9JPT4YA,-2,A13VIJ7G997ZCY,-2,A194R45ACMQEOR,0,A2QLSHXNCHBRN4,-1,AOHE56L0POV6,-1,-1.2,2018-08-15 17:36:29 UTC,Negative
3087LXLJ6ML11S6QK66UAYHWYIPF0I,"Why are you focusing on the potential creepy or negative aspects of this?

Do you also see the potential upside?

For example, suppose as AI bot learned all about what kinds of things I am into, and what I like to research and discuss.

It could then become a better entity to converse with than 99.99% of the people in my city.

How is this a bad thing?
",,A1FP3SH704X01V,1,A2QLSHXNCHBRN4,1,A32QBXDPHHSTOD,1,AKSJ3C5O3V9RB,1,AOHE56L0POV6,0,0.8,2018-08-15 18:03:12 UTC,Positive
3PMR2DOWOO6QYJV2XVGN0PGWQ0S455,"With NNs you get an answer but never a reason. Or, you can have billions of reasons, which is equally helpful.",,A1FP3SH704X01V,0,A1T79J0XQXDDGC,2,A2QLSHXNCHBRN4,1,AKSJ3C5O3V9RB,0,AMWIBULQ4S8K3,0,0.6,2018-08-15 18:06:47 UTC,Negative
3FTID4TN8L3KYFC7EPK1X3G07RQLYU,"Without peripherals, an AI can't do anything to you.",,A13VIJ7G997ZCY,-1,A194R45ACMQEOR,-1,A2XFO0X6RCS98M,-1,AMWIBULQ4S8K3,0,AOHE56L0POV6,0,-0.6,2018-08-15 17:33:24 UTC,Negative
302OLP89DZCQZTKYL6DMRY86AR9CAV,Wow... Best (and creepy) video I have seen in a while..,,A194R45ACMQEOR,-1,A2XFO0X6RCS98M,1,AKSJ3C5O3V9RB,1,AMWIBULQ4S8K3,0,AOHE56L0POV6,0,0.2,2018-08-15 18:03:25 UTC,Negative
3VGET1QSZ04HUPS5VU13T1DJ1ZLW7X,Yeah sure now they have skynet. As if the police needed anymore power.,,A194R45ACMQEOR,1,A1FP3SH704X01V,-1,A2QLSHXNCHBRN4,-1,A2XFO0X6RCS98M,-1,A32QBXDPHHSTOD,0,-0.4,2018-08-15 17:34:58 UTC,Negative
33BFF6QPI1GZT6RITIYDGK13WXZW3S,"Yeah, as usual it's inside-the-box v. outside-the-box thinking, Zuckerberg hasn't had the best track record of objectively considering things.",,A13VIJ7G997ZCY,-1,A1BE2EQFHHB22K,-1,A1FP3SH704X01V,-1,AMWIBULQ4S8K3,0,AOHE56L0POV6,-1,-0.8,2018-08-15 18:12:24 UTC,Negative
3XH7ZM9YX2ZG0CZCBXPHKYW84AUR91,Yes. AI will make the world a much better place. There is literally no threat from AI. They are cute and cuddly and have no plans on wiping out the human race.,,A13VIJ7G997ZCY,2,A1FP3SH704X01V,2,A2XFO0X6RCS98M,1,AMWIBULQ4S8K3,-1,AOHE56L0POV6,1,1,2018-08-15 17:41:16 UTC,Negative
3S37Y8CWI85KB2AMTW3WQPT9AXVW4D,You cannot inspect what an AI is thinking because its just a ton of training data.,,A1BE2EQFHHB22K,0,A32QBXDPHHSTOD,-1,AKSJ3C5O3V9RB,-1,AMWIBULQ4S8K3,0,AOHE56L0POV6,0,-0.4,2018-08-15 17:57:16 UTC,Negative
3MWOYZD5WVTYS1BQKFRI84MNYCRONO,"You put things in and get things out based on training data. If you dont like the results change the algorithm or retrain on new data sets, or larger data sets, but there is no asking Why?",,A13VIJ7G997ZCY,1,A1BE2EQFHHB22K,0,A2XFO0X6RCS98M,0,AMWIBULQ4S8K3,0,AOHE56L0POV6,0,0.2,2018-08-15 17:55:56 UTC,Negative
3XEIP58NL0SK35MCABMKBAP2DLULZL,"Zuckerberg has chosen to ignore the logic, and even try to comprehend why A.I. will likely be the best thing for the planet, and the worst thing for the human species.",,A194R45ACMQEOR,1,A2QLSHXNCHBRN4,-1,AKSJ3C5O3V9RB,0,AMWIBULQ4S8K3,-2,AOHE56L0POV6,-1,-0.6,2018-08-15 18:03:45 UTC,Negative
3HY86PZXPYN923RCLEQO6LF6R9H1EQ,Zuckerburg is thinking very short term 10 years. Musk is looking at 50 and beyond.,,A13VIJ7G997ZCY,0,A194R45ACMQEOR,0,A1BE2EQFHHB22K,0,AMWIBULQ4S8K3,0,AOHE56L0POV6,0,0,2018-08-15 17:57:25 UTC,Negative
