ID,age,workclass,fnlwgt,education,education-num,marital-status,occupation,relationship,race,sex,capital-gain,capital-loss,hours-per-week,native-country,class
24124,28,Private,312372,HS-grad,9,Married-civ-spouse,Exec-managerial,Husband,Black,Male,15024,0,40,United-States,>50K
11658,50,Private,128478,HS-grad,9,Married-civ-spouse,Craft-repair,Husband,White,Male,0,0,60,United-States,>50K
11245,32,Private,171116,HS-grad,9,Divorced,Other-service,Own-child,White,Female,0,0,40,United-States,<=50K
13525,40,Private,169885,HS-grad,9,Separated,Other-service,Not-in-family,White,Female,0,0,40,United-States,<=50K
21477,29,Private,157612,Bachelors,13,Never-married,Prof-specialty,Not-in-family,White,Female,14344,0,40,United-States,>50K
5055,21,Private,321666,HS-grad,9,Never-married,Craft-repair,Own-child,White,Male,594,0,40,United-States,<=50K
1105,34,Self-emp-not-inc,196791,Assoc-acdm,12,Married-civ-spouse,Prof-specialty,Wife,White,Female,0,0,25,United-States,>50K
3013,42,Private,194636,Bachelors,13,Married-civ-spouse,Prof-specialty,Husband,White,Male,0,0,45,United-States,>50K
945,20,Private,241752,HS-grad,9,Married-civ-spouse,Machine-op-inspct,Husband,White,Male,0,0,40,United-States,<=50K
26849,51,Private,226735,HS-grad,9,Married-civ-spouse,Transport-moving,Husband,Black,Male,0,0,40,United-States,<=50K
19592,41,Private,315834,Bachelors,13,Never-married,Prof-specialty,Not-in-family,White,Female,0,1876,40,United-States,<=50K
31850,21,Self-emp-not-inc,304602,Assoc-voc,11,Never-married,Farming-fishing,Own-child,White,Male,0,0,98,United-States,<=50K
11215,20,Private,194891,HS-grad,9,Never-married,Adm-clerical,Not-in-family,White,Female,0,0,40,United-States,<=50K
7391,50,Private,378747,HS-grad,9,Married-civ-spouse,Transport-moving,Husband,Black,Male,0,0,40,United-States,<=50K
19389,62,Private,147627,9th,5,Never-married,Priv-house-serv,Not-in-family,Black,Female,1055,0,22,United-States,<=50K
6724,31,Private,291052,Some-college,10,Married-civ-spouse,Adm-clerical,Husband,White,Male,0,2051,40,United-States,<=50K
28841,21,Private,27049,HS-grad,9,Never-married,Priv-house-serv,Not-in-family,White,Female,0,0,25,United-States,<=50K
933,51,Local-gov,241843,Preschool,1,Married-civ-spouse,Other-service,Husband,White,Male,0,0,40,United-States,<=50K
10460,49,Private,181363,Masters,14,Married-civ-spouse,Exec-managerial,Husband,White,Male,0,0,45,United-States,>50K
22778,28,Local-gov,201099,HS-grad,9,Never-married,Transport-moving,Own-child,Black,Female,0,0,40,United-States,<=50K
2312,42,Private,27444,Some-college,10,Married-spouse-absent,Prof-specialty,Not-in-family,White,Male,0,0,40,United-States,>50K
31688,21,Private,197997,Some-college,10,Never-married,Adm-clerical,Own-child,White,Male,0,0,30,United-States,<=50K
24116,18,Private,294387,11th,7,Never-married,Handlers-cleaners,Not-in-family,White,Male,0,0,40,United-States,<=50K
29945,38,Federal-gov,207066,HS-grad,9,Married-civ-spouse,Exec-managerial,Husband,White,Male,0,0,42,United-States,>50K
15952,31,Private,158545,HS-grad,9,Married-civ-spouse,Adm-clerical,Wife,White,Female,0,0,27,United-States,<=50K
4014,20,Private,145917,Some-college,10,Never-married,Adm-clerical,Own-child,White,Female,0,0,15,United-States,<=50K
28430,31,Federal-gov,484669,Some-college,10,Never-married,Tech-support,Not-in-family,White,Male,0,0,40,United-States,<=50K
26505,50,Private,558490,HS-grad,9,Divorced,Adm-clerical,Not-in-family,Black,Male,0,0,40,United-States,<=50K
15827,64,Private,146110,Some-college,10,Widowed,Other-service,Unmarried,White,Female,0,0,24,United-States,<=50K
30736,42,Private,230959,Bachelors,13,Married-civ-spouse,Adm-clerical,Wife,Asian-Pac-Islander,Female,0,1887,40,Philippines,>50K
27208,23,Private,13769,Some-college,10,Married-civ-spouse,Machine-op-inspct,Husband,Amer-Indian-Eskimo,Male,0,0,30,United-States,<=50K
19722,37,Private,335168,Some-college,10,Married-civ-spouse,Sales,Husband,White,Male,0,0,55,United-States,<=50K
24360,17,Private,32763,10th,6,Never-married,Other-service,Own-child,White,Male,0,0,15,United-States,<=50K
4633,59,Private,107833,10th,6,Married-civ-spouse,Transport-moving,Husband,White,Male,0,1485,40,United-States,>50K
3065,41,Private,79797,HS-grad,9,Married-spouse-absent,Prof-specialty,Not-in-family,Asian-Pac-Islander,Male,0,0,40,Japan,>50K
26276,53,Private,278114,7th-8th,4,Married-civ-spouse,Exec-managerial,Husband,White,Male,0,0,40,United-States,>50K
22429,46,Private,155659,11th,7,Married-civ-spouse,Craft-repair,Husband,White,Male,0,1902,40,United-States,>50K
10910,47,Self-emp-not-inc,165468,HS-grad,9,Married-civ-spouse,Machine-op-inspct,Husband,White,Male,7298,0,40,United-States,>50K
11405,47,Private,114459,Doctorate,16,Married-civ-spouse,Prof-specialty,Husband,White,Male,0,0,50,United-States,>50K
27131,22,Private,167615,HS-grad,9,Never-married,Sales,Unmarried,White,Female,0,0,40,United-States,<=50K
25176,48,Self-emp-inc,213140,HS-grad,9,Married-civ-spouse,Exec-managerial,Husband,White,Male,0,0,80,United-States,<=50K
6295,30,Private,177596,Some-college,10,Never-married,Other-service,Unmarried,White,Female,0,0,36,United-States,<=50K
1752,38,Private,304651,HS-grad,9,Divorced,Transport-moving,Not-in-family,White,Male,0,0,60,United-States,<=50K
9741,17,Private,41979,10th,6,Never-married,Farming-fishing,Own-child,White,Male,0,0,40,United-States,<=50K
18845,29,Local-gov,375655,Bachelors,13,Never-married,Prof-specialty,Not-in-family,White,Male,0,0,40,United-States,<=50K
6134,46,Federal-gov,161337,Some-college,10,Divorced,Tech-support,Not-in-family,White,Male,0,0,40,United-States,<=50K
26661,24,Self-emp-not-inc,34918,Assoc-voc,11,Never-married,Other-service,Unmarried,White,Female,0,0,38,United-States,<=50K
24078,23,Private,210474,Some-college,10,Never-married,Other-service,Own-child,White,Female,0,0,30,United-States,<=50K
20740,55,Local-gov,165695,HS-grad,9,Divorced,Adm-clerical,Unmarried,White,Male,0,0,40,United-States,<=50K
2302,45,Private,158685,HS-grad,9,Separated,Sales,Not-in-family,White,Female,0,0,40,United-States,<=50K
12006,47,Local-gov,172246,Masters,14,Married-civ-spouse,Prof-specialty,Husband,White,Male,0,0,60,United-States,>50K
23752,32,Private,171814,HS-grad,9,Never-married,Machine-op-inspct,Not-in-family,White,Female,0,0,40,United-States,<=50K
14206,25,Private,86872,HS-grad,9,Married-civ-spouse,Sales,Husband,White,Male,0,0,40,United-States,<=50K
24274,21,Private,124242,Assoc-acdm,12,Never-married,Other-service,Own-child,White,Female,0,0,40,United-States,<=50K
22894,26,Private,282142,Assoc-voc,11,Married-civ-spouse,Exec-managerial,Wife,White,Female,0,0,40,United-States,<=50K
8845,24,Private,100669,Some-college,10,Never-married,Handlers-cleaners,Own-child,Asian-Pac-Islander,Male,0,0,30,United-States,<=50K
21943,38,Federal-gov,190174,HS-grad,9,Divorced,Prof-specialty,Unmarried,White,Female,0,0,40,United-States,<=50K
23514,23,Private,325921,Assoc-voc,11,Never-married,Prof-specialty,Not-in-family,White,Female,0,0,36,United-States,<=50K
4857,32,Private,189838,HS-grad,9,Never-married,Sales,Not-in-family,White,Female,0,0,50,United-States,<=50K
19859,52,Private,61735,11th,7,Married-civ-spouse,Other-service,Husband,White,Male,0,0,40,United-States,<=50K
6225,52,Local-gov,74784,Masters,14,Married-civ-spouse,Prof-specialty,Wife,White,Female,0,0,40,United-States,>50K
11755,69,Private,36956,Some-college,10,Married-civ-spouse,Exec-managerial,Husband,White,Male,20051,0,50,United-States,>50K
19019,49,Self-emp-not-inc,241753,HS-grad,9,Divorced,Other-service,Unmarried,White,Female,0,0,40,United-States,<=50K
6280,70,Self-emp-not-inc,172370,Prof-school,15,Married-civ-spouse,Prof-specialty,Husband,White,Male,0,0,25,United-States,<=50K
15035,45,Private,201865,Doctorate,16,Married-civ-spouse,Exec-managerial,Husband,White,Male,0,0,45,United-States,>50K
5841,22,Private,203894,Some-college,10,Never-married,Transport-moving,Not-in-family,White,Female,0,0,24,United-States,<=50K
3467,39,Private,96452,Masters,14,Married-civ-spouse,Exec-managerial,Husband,White,Male,0,0,55,United-States,>50K
10965,56,Self-emp-inc,205601,Doctorate,16,Married-civ-spouse,Prof-specialty,Husband,White,Male,99999,0,70,United-States,>50K
18596,60,Private,31577,Assoc-voc,11,Married-civ-spouse,Tech-support,Husband,White,Male,0,0,40,United-States,<=50K
21707,57,Private,178353,HS-grad,9,Married-civ-spouse,Craft-repair,Husband,White,Male,0,0,50,United-States,>50K
17396,35,Private,82622,HS-grad,9,Divorced,Exec-managerial,Not-in-family,White,Male,0,0,50,United-States,<=50K
20356,37,Federal-gov,32528,HS-grad,9,Married-civ-spouse,Adm-clerical,Husband,White,Male,0,0,40,England,>50K
15081,52,Private,123780,HS-grad,9,Married-civ-spouse,Adm-clerical,Wife,White,Female,0,0,38,United-States,<=50K
6455,40,Private,104719,Some-college,10,Married-civ-spouse,Handlers-cleaners,Husband,White,Male,0,0,40,United-States,<=50K
2524,52,Private,198824,Assoc-voc,11,Separated,Other-service,Unmarried,White,Female,0,0,35,United-States,<=50K
28268,44,Private,125461,Doctorate,16,Married-civ-spouse,Exec-managerial,Husband,White,Male,0,0,60,United-States,>50K
1783,29,Private,183523,10th,6,Never-married,Other-service,Own-child,White,Male,0,0,40,United-States,<=50K
6779,51,Private,180807,Some-college,10,Divorced,Exec-managerial,Unmarried,White,Female,0,0,40,United-States,<=50K
8112,21,Private,34918,HS-grad,9,Never-married,Sales,Own-child,White,Female,0,0,30,United-States,<=50K
27901,42,State-gov,24264,Some-college,10,Divorced,Transport-moving,Unmarried,White,Male,0,0,38,United-States,<=50K
15460,22,Private,177125,Some-college,10,Never-married,Adm-clerical,Not-in-family,White,Male,0,0,50,United-States,<=50K
20273,65,Private,143175,Some-college,10,Widowed,Sales,Other-relative,White,Female,0,0,45,United-States,<=50K
20615,27,Local-gov,151626,HS-grad,9,Never-married,Prof-specialty,Own-child,Black,Female,0,0,40,United-States,<=50K
15941,43,State-gov,222978,Doctorate,16,Separated,Prof-specialty,Unmarried,White,Female,0,0,40,United-States,>50K
6022,47,Private,80924,Some-college,10,Widowed,Other-service,Not-in-family,White,Female,0,0,35,United-States,<=50K
3492,33,Private,323619,Some-college,10,Never-married,Adm-clerical,Unmarried,White,Female,0,0,40,United-States,<=50K
22839,58,Local-gov,53481,Masters,14,Never-married,Prof-specialty,Not-in-family,White,Male,0,0,35,United-States,<=50K
31490,28,Local-gov,229223,Assoc-voc,11,Married-civ-spouse,Prof-specialty,Wife,White,Female,7688,0,36,United-States,>50K
12339,47,State-gov,148171,Doctorate,16,Divorced,Prof-specialty,Unmarried,White,Male,0,0,50,France,>50K
27831,25,Private,50103,HS-grad,9,Never-married,Sales,Unmarried,White,Female,0,0,40,United-States,<=50K
18863,37,Self-emp-not-inc,107737,HS-grad,9,Married-civ-spouse,Craft-repair,Husband,White,Male,0,0,45,United-States,<=50K
216,37,Private,635913,Bachelors,13,Never-married,Exec-managerial,Not-in-family,Black,Male,0,0,60,United-States,>50K
15391,59,Private,98361,Some-college,10,Married-civ-spouse,Craft-repair,Husband,White,Male,0,0,40,United-States,>50K
16301,38,Private,196123,HS-grad,9,Married-civ-spouse,Craft-repair,Husband,White,Male,0,0,50,United-States,<=50K
8736,36,Private,103323,Assoc-acdm,12,Married-civ-spouse,Machine-op-inspct,Husband,White,Male,2829,0,40,United-States,<=50K
16961,62,Private,71751,Some-college,10,Married-civ-spouse,Exec-managerial,Husband,White,Male,0,1977,98,United-States,>50K
12887,27,Private,139209,HS-grad,9,Never-married,Machine-op-inspct,Unmarried,Black,Female,0,0,40,United-States,<=50K
7242,23,Private,148709,HS-grad,9,Separated,Handlers-cleaners,Other-relative,White,Female,0,0,40,United-States,<=50K
32502,71,Private,138145,9th,5,Married-civ-spouse,Other-service,Husband,White,Male,0,0,40,United-States,<=50K
16441,49,Private,268234,10th,6,Married-civ-spouse,Exec-managerial,Husband,White,Male,0,0,40,United-States,<=50K
20516,28,Self-emp-not-inc,212318,HS-grad,9,Never-married,Craft-repair,Not-in-family,White,Male,0,0,55,United-States,<=50K
2220,53,Private,227602,HS-grad,9,Divorced,Sales,Not-in-family,White,Female,0,0,37,Mexico,<=50K
19632,34,Private,150324,Bachelors,13,Married-civ-spouse,Prof-specialty,Husband,White,Male,0,0,40,United-States,>50K
27002,45,Private,102202,Assoc-voc,11,Divorced,Adm-clerical,Not-in-family,White,Female,0,0,40,United-States,<=50K
21211,32,Self-emp-inc,99309,HS-grad,9,Married-civ-spouse,Exec-managerial,Husband,White,Male,0,0,40,United-States,>50K
12899,48,Private,199590,HS-grad,9,Married-civ-spouse,Other-service,Husband,White,Male,0,0,40,Mexico,>50K
3731,26,Private,109419,Assoc-voc,11,Never-married,Adm-clerical,Not-in-family,White,Female,0,0,45,United-States,<=50K
14933,40,Private,197344,Bachelors,13,Married-civ-spouse,Exec-managerial,Husband,White,Male,0,0,65,United-States,>50K
26328,56,Local-gov,381965,Bachelors,13,Married-civ-spouse,Prof-specialty,Husband,White,Male,15024,0,40,United-States,>50K
9543,47,Private,145886,Some-college,10,Divorced,Other-service,Unmarried,White,Female,0,0,40,United-States,<=50K
12824,26,Private,158734,Masters,14,Never-married,Exec-managerial,Not-in-family,White,Female,0,0,30,United-States,<=50K
3078,38,Private,266645,Masters,14,Married-civ-spouse,Exec-managerial,Husband,White,Male,0,0,60,United-States,>50K
18029,50,Private,195844,Assoc-acdm,12,Married-civ-spouse,Exec-managerial,Husband,White,Male,0,0,50,United-States,>50K
16889,40,Self-emp-not-inc,167081,Masters,14,Married-civ-spouse,Sales,Husband,White,Male,3103,0,50,United-States,<=50K
17201,50,Private,105010,Bachelors,13,Married-civ-spouse,Farming-fishing,Husband,White,Male,0,0,45,United-States,>50K
14197,23,Private,203076,Some-college,10,Never-married,Machine-op-inspct,Own-child,White,Male,0,0,40,United-States,<=50K
30349,29,Private,250967,Assoc-voc,11,Married-civ-spouse,Machine-op-inspct,Husband,White,Male,0,1887,48,United-States,>50K
11910,37,Private,182675,Some-college,10,Married-civ-spouse,Exec-managerial,Wife,White,Female,0,0,45,United-States,>50K
4546,50,Private,125417,Assoc-acdm,12,Married-civ-spouse,Exec-managerial,Wife,Black,Female,0,0,40,United-States,>50K
30489,55,State-gov,181641,Some-college,10,Divorced,Prof-specialty,Not-in-family,Black,Female,0,0,37,United-States,<=50K
13507,30,Private,327112,Bachelors,13,Divorced,Sales,Not-in-family,White,Male,0,1564,40,United-States,>50K
10062,36,Private,181065,Assoc-acdm,12,Married-civ-spouse,Tech-support,Husband,White,Male,0,0,40,United-States,>50K
3525,21,Private,197387,HS-grad,9,Never-married,Handlers-cleaners,Own-child,White,Male,0,0,20,United-States,<=50K
30085,52,Private,361875,Some-college,10,Divorced,Exec-managerial,Not-in-family,White,Female,0,0,50,United-States,<=50K
28206,29,Self-emp-not-inc,77207,Masters,14,Married-civ-spouse,Craft-repair,Husband,White,Male,0,0,30,United-States,<=50K
26453,27,Private,195678,Bachelors,13,Married-civ-spouse,Prof-specialty,Husband,White,Male,0,0,40,United-States,<=50K
13147,51,Local-gov,548361,Bachelors,13,Married-civ-spouse,Prof-specialty,Husband,White,Male,0,0,26,United-States,<=50K
15107,51,Private,107123,7th-8th,4,Married-civ-spouse,Transport-moving,Husband,Black,Male,0,0,40,United-States,<=50K
27885,35,Private,282951,Bachelors,13,Married-civ-spouse,Exec-managerial,Husband,White,Male,0,0,70,United-States,<=50K
12014,55,Private,144084,10th,6,Married-civ-spouse,Other-service,Husband,White,Male,0,0,40,United-States,<=50K
21573,33,Private,41610,Bachelors,13,Married-civ-spouse,Prof-specialty,Husband,White,Male,0,0,40,United-States,<=50K
17936,23,Private,140798,Bachelors,13,Never-married,Adm-clerical,Not-in-family,White,Female,0,0,40,United-States,<=50K
11779,19,Private,148392,HS-grad,9,Never-married,Adm-clerical,Own-child,White,Male,0,0,30,United-States,<=50K
23788,24,Private,117789,Bachelors,13,Never-married,Exec-managerial,Own-child,White,Female,0,0,40,United-States,<=50K
7188,67,Self-emp-not-inc,226092,Some-college,10,Married-civ-spouse,Farming-fishing,Husband,White,Male,0,0,44,United-States,<=50K
8959,32,Self-emp-not-inc,70985,HS-grad,9,Married-civ-spouse,Farming-fishing,Husband,White,Male,4064,0,40,United-States,<=50K
22942,44,Private,85440,HS-grad,9,Married-civ-spouse,Adm-clerical,Husband,White,Male,0,0,45,United-States,<=50K
1355,58,Private,132606,5th-6th,3,Divorced,Machine-op-inspct,Not-in-family,Black,Male,0,0,40,United-States,<=50K
17862,31,Private,223212,7th-8th,4,Never-married,Handlers-cleaners,Own-child,White,Male,0,0,50,United-States,<=50K
32394,43,Private,191712,Bachelors,13,Never-married,Adm-clerical,Not-in-family,White,Male,0,1741,40,United-States,<=50K
20977,25,Private,37379,Bachelors,13,Never-married,Tech-support,Not-in-family,White,Female,0,0,50,United-States,<=50K
25155,35,Private,78247,Assoc-voc,11,Married-civ-spouse,Craft-repair,Husband,White,Male,0,0,50,United-States,<=50K
7730,34,Private,340458,12th,8,Never-married,Adm-clerical,Unmarried,White,Female,0,0,40,United-States,<=50K
1160,20,Private,275691,HS-grad,9,Never-married,Handlers-cleaners,Own-child,White,Male,0,0,28,United-States,<=50K
14001,54,Self-emp-inc,96460,HS-grad,9,Married-civ-spouse,Exec-managerial,Husband,White,Male,7688,0,60,United-States,>50K
23702,32,Private,447066,Bachelors,13,Married-civ-spouse,Sales,Husband,Black,Male,15024,0,50,United-States,>50K
7977,34,Private,134737,Masters,14,Married-civ-spouse,Prof-specialty,Husband,White,Male,7688,0,55,United-States,>50K
14269,28,Private,68021,Some-college,10,Never-married,Other-service,Not-in-family,White,Female,0,0,30,United-States,<=50K
3359,41,Private,314322,HS-grad,9,Married-civ-spouse,Adm-clerical,Husband,White,Male,0,0,40,United-States,>50K
4252,43,Private,243476,HS-grad,9,Divorced,Tech-support,Not-in-family,White,Female,0,0,40,United-States,<=50K
12927,25,Private,143280,10th,6,Never-married,Priv-house-serv,Own-child,White,Female,0,0,24,United-States,<=50K
30256,57,State-gov,109015,12th,8,Divorced,Other-service,Unmarried,White,Female,0,0,40,United-States,<=50K
20092,27,State-gov,23740,HS-grad,9,Never-married,Transport-moving,Not-in-family,Amer-Indian-Eskimo,Male,0,0,38,United-States,>50K
3534,63,Private,230823,12th,8,Married-civ-spouse,Transport-moving,Husband,White,Male,0,0,40,Cuba,<=50K
21291,53,Self-emp-not-inc,98829,Bachelors,13,Married-civ-spouse,Prof-specialty,Husband,White,Male,0,0,50,United-States,<=50K
9335,22,Private,216867,7th-8th,4,Married-civ-spouse,Machine-op-inspct,Husband,White,Male,0,0,40,Mexico,<=50K
18635,45,Private,183092,Assoc-acdm,12,Never-married,Adm-clerical,Not-in-family,Black,Female,0,0,40,United-States,<=50K
6574,42,Self-emp-inc,119281,Bachelors,13,Married-civ-spouse,Exec-managerial,Husband,White,Male,0,0,60,United-States,>50K
1164,54,Private,96062,Assoc-acdm,12,Married-civ-spouse,Tech-support,Husband,White,Male,0,0,40,United-States,>50K
19623,48,Private,164423,HS-grad,9,Divorced,Machine-op-inspct,Unmarried,White,Female,0,0,40,United-States,<=50K
14516,25,Private,210095,11th,7,Married-spouse-absent,Handlers-cleaners,Not-in-family,White,Female,0,0,40,Mexico,<=50K
7294,34,Private,118941,11th,7,Never-married,Other-service,Not-in-family,White,Female,0,0,40,Ireland,<=50K
17215,27,Private,188941,Some-college,10,Married-civ-spouse,Tech-support,Husband,White,Male,3908,0,40,United-States,<=50K
4177,54,Local-gov,137691,HS-grad,9,Married-civ-spouse,Craft-repair,Husband,White,Male,0,0,40,United-States,>50K
11483,38,Private,168055,Assoc-voc,11,Married-civ-spouse,Other-service,Husband,White,Male,0,0,40,United-States,<=50K
3420,39,Private,346478,Some-college,10,Never-married,Exec-managerial,Not-in-family,White,Male,0,0,45,United-States,<=50K
23181,33,Private,159574,7th-8th,4,Married-civ-spouse,Adm-clerical,Husband,White,Male,0,0,45,United-States,<=50K
20087,38,Private,273640,HS-grad,9,Never-married,Other-service,Unmarried,White,Female,0,0,40,United-States,<=50K
6679,33,Private,113364,HS-grad,9,Never-married,Sales,Not-in-family,White,Male,0,0,45,United-States,<=50K
12870,18,Private,183034,Some-college,10,Never-married,Sales,Own-child,Black,Male,0,0,35,United-States,<=50K
9328,22,Private,370548,Assoc-voc,11,Never-married,Craft-repair,Not-in-family,White,Male,0,0,30,United-States,<=50K
6242,33,Private,109996,Assoc-acdm,12,Married-spouse-absent,Prof-specialty,Own-child,White,Female,0,0,40,United-States,<=50K
17102,45,Local-gov,331482,Assoc-acdm,12,Divorced,Tech-support,Own-child,White,Male,0,0,40,United-States,<=50K
9291,59,Private,191965,11th,7,Married-civ-spouse,Other-service,Wife,White,Female,3908,0,28,United-States,<=50K
18767,18,Private,36275,HS-grad,9,Never-married,Craft-repair,Own-child,White,Male,0,0,25,United-States,<=50K
13916,22,Private,446140,HS-grad,9,Never-married,Sales,Own-child,White,Male,0,0,55,United-States,<=50K
8170,27,Private,221912,HS-grad,9,Never-married,Handlers-cleaners,Own-child,White,Male,0,0,40,United-States,<=50K
8459,39,Private,297449,Bachelors,13,Married-civ-spouse,Prof-specialty,Husband,White,Male,0,0,40,United-States,>50K
8268,39,Private,110713,Bachelors,13,Married-civ-spouse,Sales,Husband,White,Male,0,0,50,United-States,>50K
17461,28,Private,197113,HS-grad,9,Never-married,Machine-op-inspct,Own-child,Other,Male,0,0,50,Puerto-Rico,<=50K
32035,57,Private,226875,7th-8th,4,Married-civ-spouse,Sales,Husband,White,Male,0,0,50,United-States,<=50K
21863,45,State-gov,190406,Prof-school,15,Divorced,Prof-specialty,Unmarried,Black,Male,25236,0,36,United-States,>50K
6089,20,Private,105312,Some-college,10,Never-married,Sales,Own-child,White,Female,0,0,18,United-States,<=50K
12735,18,Private,282394,Some-college,10,Never-married,Sales,Own-child,Black,Female,0,0,21,United-States,<=50K
9401,38,Self-emp-not-inc,201328,7th-8th,4,Married-civ-spouse,Farming-fishing,Husband,White,Male,0,0,56,United-States,<=50K
5249,29,Self-emp-not-inc,164607,HS-grad,9,Married-civ-spouse,Craft-repair,Husband,White,Male,0,0,40,United-States,<=50K
10083,34,Private,187215,Bachelors,13,Married-civ-spouse,Prof-specialty,Wife,White,Female,15024,0,36,United-States,>50K
7981,34,Federal-gov,67083,Bachelors,13,Never-married,Exec-managerial,Unmarried,Asian-Pac-Islander,Male,1471,0,40,Cambodia,<=50K
11548,23,Private,220168,HS-grad,9,Never-married,Sales,Other-relative,Black,Female,0,0,25,Jamaica,<=50K
8321,57,Private,163047,HS-grad,9,Married-civ-spouse,Exec-managerial,Wife,White,Female,0,0,38,United-States,<=50K
23935,38,Private,682947,Bachelors,13,Divorced,Exec-managerial,Not-in-family,White,Male,0,0,55,United-States,>50K
16472,59,Private,205759,Doctorate,16,Never-married,Prof-specialty,Not-in-family,White,Male,0,0,50,United-States,<=50K
3522,59,Federal-gov,115389,Some-college,10,Married-civ-spouse,Craft-repair,Husband,White,Male,0,0,36,United-States,<=50K
11978,41,Local-gov,575442,Some-college,10,Divorced,Craft-repair,Not-in-family,White,Male,0,0,40,United-States,<=50K
2183,41,Self-emp-not-inc,438696,Masters,14,Divorced,Sales,Unmarried,White,Male,0,0,5,United-States,>50K
18552,44,Private,127592,Bachelors,13,Married-civ-spouse,Tech-support,Husband,White,Male,0,0,40,United-States,<=50K
25375,29,Private,146719,HS-grad,9,Never-married,Transport-moving,Not-in-family,White,Female,0,0,45,United-States,<=50K
3399,34,Private,173730,Bachelors,13,Married-civ-spouse,Exec-managerial,Husband,White,Male,0,0,50,United-States,>50K
13689,42,Private,175526,HS-grad,9,Married-civ-spouse,Machine-op-inspct,Husband,White,Male,0,0,40,United-States,<=50K
18652,52,Private,389270,Some-college,10,Married-civ-spouse,Adm-clerical,Wife,White,Female,0,0,35,United-States,>50K
8247,30,Federal-gov,355789,HS-grad,9,Never-married,Adm-clerical,Not-in-family,Black,Female,0,0,50,United-States,<=50K
17573,22,Private,231912,Assoc-voc,11,Never-married,Adm-clerical,Own-child,White,Female,0,0,37,United-States,<=50K
26109,34,Private,80058,Prof-school,15,Never-married,Exec-managerial,Own-child,White,Male,0,0,50,United-States,<=50K
8402,48,Private,200471,Bachelors,13,Married-civ-spouse,Transport-moving,Husband,White,Male,0,0,45,United-States,>50K
9642,42,Private,121055,Some-college,10,Never-married,Sales,Not-in-family,White,Male,0,0,45,United-States,<=50K
28309,51,Private,53197,Some-college,10,Married-civ-spouse,Craft-repair,Husband,White,Male,0,0,40,United-States,>50K
20696,47,State-gov,306473,Assoc-acdm,12,Married-civ-spouse,Transport-moving,Husband,White,Male,0,0,40,United-States,<=50K
4109,23,Private,285004,Bachelors,13,Never-married,Sales,Not-in-family,Asian-Pac-Islander,Male,0,0,50,Taiwan,<=50K
9676,37,Local-gov,144322,Assoc-voc,11,Never-married,Adm-clerical,Not-in-family,White,Female,0,0,43,United-States,<=50K
26114,61,Self-emp-inc,171831,HS-grad,9,Married-civ-spouse,Exec-managerial,Husband,White,Male,2829,0,45,United-States,<=50K
2697,18,Private,57413,Some-college,10,Divorced,Other-service,Own-child,White,Male,0,0,15,United-States,<=50K
11811,33,Private,207937,HS-grad,9,Never-married,Craft-repair,Not-in-family,White,Male,0,1092,40,United-States,<=50K
30842,37,Private,238433,1st-4th,2,Married-civ-spouse,Transport-moving,Husband,White,Male,0,0,40,Cuba,<=50K
18073,33,Private,277455,Masters,14,Never-married,Prof-specialty,Not-in-family,White,Male,0,0,40,United-States,<=50K
3297,24,Private,54560,HS-grad,9,Married-civ-spouse,Transport-moving,Husband,White,Male,0,0,45,United-States,<=50K
16335,53,Private,71772,Doctorate,16,Divorced,Prof-specialty,Not-in-family,White,Male,0,0,50,United-States,<=50K
4910,55,Local-gov,177163,Masters,14,Widowed,Prof-specialty,Unmarried,White,Female,914,0,50,United-States,<=50K
9587,43,Self-emp-not-inc,47261,Some-college,10,Married-civ-spouse,Farming-fishing,Husband,White,Male,0,0,50,United-States,<=50K
21322,34,Local-gov,229531,Assoc-acdm,12,Married-civ-spouse,Prof-specialty,Husband,White,Male,0,0,60,United-States,<=50K
24439,33,Private,112900,HS-grad,9,Divorced,Other-service,Unmarried,White,Female,0,0,40,United-States,<=50K
874,51,Self-emp-not-inc,160724,Bachelors,13,Married-civ-spouse,Sales,Husband,Asian-Pac-Islander,Male,0,2415,40,China,>50K
21616,25,Private,297531,Bachelors,13,Never-married,Sales,Own-child,White,Female,0,0,40,United-States,<=50K
3800,28,Private,132870,11th,7,Married-civ-spouse,Craft-repair,Husband,White,Male,0,0,45,United-States,<=50K
15622,41,Private,208470,HS-grad,9,Married-civ-spouse,Exec-managerial,Husband,White,Male,0,0,40,United-States,>50K
27176,32,Private,118551,HS-grad,9,Divorced,Other-service,Unmarried,White,Female,0,0,80,United-States,<=50K
27847,20,Local-gov,308654,Some-college,10,Never-married,Protective-serv,Own-child,Asian-Pac-Islander,Female,0,0,20,United-States,<=50K
3555,23,Private,60847,Assoc-voc,11,Never-married,Sales,Unmarried,White,Female,0,0,60,United-States,<=50K
31962,33,Private,91666,12th,8,Divorced,Exec-managerial,Not-in-family,White,Male,0,0,40,United-States,<=50K
31147,48,State-gov,78529,Masters,14,Separated,Prof-specialty,Not-in-family,White,Male,0,0,60,United-States,<=50K
3170,41,Private,179533,HS-grad,9,Married-civ-spouse,Transport-moving,Husband,White,Male,0,0,35,United-States,<=50K
23372,77,Private,149912,Bachelors,13,Never-married,Prof-specialty,Not-in-family,White,Female,0,0,10,United-States,<=50K
8623,21,Private,115895,Some-college,10,Never-married,Sales,Own-child,White,Female,0,0,20,United-States,<=50K
6266,63,Self-emp-not-inc,391121,7th-8th,4,Married-civ-spouse,Farming-fishing,Husband,White,Male,0,0,30,United-States,<=50K
27938,21,State-gov,478457,Some-college,10,Never-married,Other-service,Own-child,Black,Female,0,0,12,United-States,<=50K
162,25,Private,252752,HS-grad,9,Never-married,Other-service,Unmarried,White,Female,0,0,40,United-States,<=50K
17992,43,Private,102180,Masters,14,Married-civ-spouse,Exec-managerial,Husband,White,Male,0,0,50,United-States,>50K
9654,25,Private,134113,Bachelors,13,Never-married,Adm-clerical,Not-in-family,White,Male,0,0,30,United-States,<=50K
1051,61,Private,125155,HS-grad,9,Married-civ-spouse,Machine-op-inspct,Husband,White,Male,0,0,40,United-States,<=50K
17710,39,Private,76417,Masters,14,Married-civ-spouse,Prof-specialty,Husband,White,Male,0,0,40,United-States,>50K
7828,29,Self-emp-not-inc,189346,Some-college,10,Divorced,Craft-repair,Not-in-family,White,Male,2202,0,50,United-States,<=50K
12164,64,Local-gov,96076,Assoc-voc,11,Married-civ-spouse,Exec-managerial,Husband,White,Male,0,0,40,United-States,>50K
6629,49,Private,123584,11th,7,Married-civ-spouse,Transport-moving,Husband,White,Male,0,0,75,United-States,<=50K
20177,63,Self-emp-not-inc,289741,Masters,14,Married-civ-spouse,Farming-fishing,Husband,White,Male,41310,0,50,United-States,<=50K
23075,42,Private,149823,Some-college,10,Married-civ-spouse,Craft-repair,Husband,White,Male,0,0,40,United-States,<=50K
24023,24,Private,149342,Bachelors,13,Never-married,Sales,Not-in-family,White,Female,0,0,40,United-States,<=50K
3697,23,Private,407684,9th,5,Never-married,Machine-op-inspct,Other-relative,White,Female,0,0,40,Mexico,<=50K
6850,24,Local-gov,252024,Some-college,10,Married-civ-spouse,Protective-serv,Husband,White,Male,0,0,72,United-States,>50K
27303,33,Private,215288,11th,7,Never-married,Handlers-cleaners,Own-child,Black,Male,0,0,40,United-States,<=50K
6671,19,Private,27433,11th,7,Never-married,Handlers-cleaners,Not-in-family,White,Male,0,0,40,United-States,<=50K
5730,46,Private,110151,Assoc-voc,11,Divorced,Exec-managerial,Unmarried,White,Female,0,0,45,United-States,<=50K
22427,17,Private,51939,11th,7,Never-married,Sales,Own-child,White,Female,0,0,15,United-States,<=50K
8675,41,Self-emp-not-inc,113324,Assoc-voc,11,Married-civ-spouse,Farming-fishing,Husband,White,Male,0,0,70,United-States,>50K
17226,49,Private,239865,11th,7,Married-civ-spouse,Transport-moving,Husband,White,Male,0,0,40,United-States,<=50K
15240,47,Self-emp-not-inc,228660,Some-college,10,Married-civ-spouse,Craft-repair,Husband,White,Male,0,1977,40,United-States,>50K
26134,35,Private,247750,HS-grad,9,Widowed,Other-service,Unmarried,Black,Male,0,0,40,United-States,<=50K
27559,25,Private,254613,HS-grad,9,Never-married,Craft-repair,Own-child,White,Male,0,0,40,Cuba,<=50K
28997,40,Federal-gov,178866,HS-grad,9,Married-civ-spouse,Adm-clerical,Wife,White,Female,0,0,20,United-States,>50K
11841,54,Private,138026,HS-grad,9,Married-civ-spouse,Adm-clerical,Wife,White,Female,0,0,40,United-States,<=50K
17682,22,Private,124454,Some-college,10,Never-married,Sales,Not-in-family,White,Male,0,0,30,United-States,<=50K
16453,33,Private,224141,HS-grad,9,Married-civ-spouse,Other-service,Husband,White,Male,0,0,40,United-States,<=50K
23409,21,State-gov,299153,Some-college,10,Never-married,Adm-clerical,Own-child,White,Female,0,0,15,United-States,<=50K
22332,30,Private,137076,HS-grad,9,Married-civ-spouse,Transport-moving,Husband,White,Male,0,0,40,United-States,>50K
3455,49,Local-gov,249289,Bachelors,13,Divorced,Prof-specialty,Unmarried,Black,Female,0,0,40,United-States,<=50K
29486,30,Self-emp-not-inc,609789,Assoc-voc,11,Never-married,Craft-repair,Not-in-family,White,Male,0,0,40,United-States,<=50K
28624,33,Private,157446,11th,7,Never-married,Craft-repair,Not-in-family,White,Male,0,0,65,United-States,<=50K
23156,44,Local-gov,193755,Assoc-acdm,12,Never-married,Protective-serv,Not-in-family,White,Male,0,0,40,United-States,<=50K
17884,36,Local-gov,293358,Some-college,10,Never-married,Exec-managerial,Unmarried,Black,Female,0,0,48,United-States,<=50K
2104,43,Self-emp-inc,172826,Some-college,10,Married-civ-spouse,Sales,Husband,White,Male,99999,0,55,United-States,>50K
12631,32,Private,186788,HS-grad,9,Married-civ-spouse,Transport-moving,Husband,White,Male,0,0,40,United-States,<=50K
9283,52,Private,256916,HS-grad,9,Married-civ-spouse,Exec-managerial,Husband,White,Male,0,0,40,United-States,<=50K
9337,35,Private,208106,HS-grad,9,Married-civ-spouse,Sales,Husband,White,Male,0,0,40,Ecuador,<=50K
13884,42,Private,265698,Masters,14,Divorced,Prof-specialty,Unmarried,White,Female,0,0,40,United-States,<=50K
10425,51,Private,249644,Some-college,10,Divorced,Craft-repair,Not-in-family,White,Male,0,0,48,United-States,>50K
13927,43,Private,270522,HS-grad,9,Separated,Other-service,Not-in-family,White,Female,0,0,26,United-States,<=50K
32512,25,Local-gov,514716,Bachelors,13,Never-married,Adm-clerical,Own-child,Black,Female,0,0,40,United-States,<=50K
10156,59,Private,159008,Assoc-acdm,12,Married-civ-spouse,Craft-repair,Husband,White,Male,7298,0,20,United-States,>50K
32366,41,Private,122215,Masters,14,Married-civ-spouse,Prof-specialty,Husband,White,Male,15024,0,40,United-States,>50K
25475,23,Private,234108,Assoc-acdm,12,Never-married,Handlers-cleaners,Own-child,White,Male,0,0,32,United-States,<=50K
2432,61,Self-emp-not-inc,244087,HS-grad,9,Married-civ-spouse,Craft-repair,Husband,White,Male,0,0,52,United-States,>50K
7305,23,Private,398904,Bachelors,13,Married-civ-spouse,Prof-specialty,Wife,White,Female,0,0,40,United-States,<=50K
20697,33,Private,37232,Some-college,10,Never-married,Craft-repair,Not-in-family,White,Male,0,0,80,United-States,<=50K
5780,33,Private,221762,Some-college,10,Never-married,Prof-specialty,Not-in-family,Black,Male,0,0,40,United-States,<=50K
13435,38,Private,190895,Bachelors,13,Married-civ-spouse,Exec-managerial,Husband,White,Male,7298,0,50,United-States,>50K
3862,51,Local-gov,175750,HS-grad,9,Divorced,Transport-moving,Unmarried,Black,Male,0,0,40,United-States,<=50K
3822,31,Private,395170,Assoc-voc,11,Married-civ-spouse,Other-service,Wife,Amer-Indian-Eskimo,Female,0,0,24,Mexico,<=50K
20656,55,Private,26716,10th,6,Never-married,Transport-moving,Not-in-family,White,Male,0,0,60,United-States,<=50K
29835,53,Private,72257,Some-college,10,Married-civ-spouse,Exec-managerial,Husband,White,Male,0,0,55,United-States,<=50K
4644,59,Private,381851,9th,5,Widowed,Other-service,Unmarried,Black,Female,0,0,40,United-States,<=50K
27798,61,Self-emp-not-inc,168654,HS-grad,9,Widowed,Adm-clerical,Unmarried,White,Female,0,0,20,United-States,<=50K
13589,34,Local-gov,353270,Assoc-voc,11,Never-married,Craft-repair,Own-child,White,Female,0,0,40,United-States,<=50K
8389,35,State-gov,172475,Bachelors,13,Never-married,Exec-managerial,Not-in-family,Asian-Pac-Islander,Female,2977,0,45,United-States,<=50K
26452,41,Private,317539,Some-college,10,Married-civ-spouse,Craft-repair,Husband,Black,Male,0,0,40,United-States,<=50K
22021,42,Local-gov,281315,Bachelors,13,Never-married,Prof-specialty,Not-in-family,White,Male,0,0,50,United-States,<=50K
14048,71,Private,162297,HS-grad,9,Widowed,Sales,Unmarried,White,Female,0,0,20,United-States,<=50K
30213,59,Local-gov,303455,Masters,14,Widowed,Prof-specialty,Unmarried,White,Female,4787,0,60,United-States,>50K
16991,32,Private,94041,Assoc-voc,11,Never-married,Craft-repair,Not-in-family,White,Male,0,0,44,Ireland,<=50K
11655,22,Private,349368,Some-college,10,Married-civ-spouse,Adm-clerical,Wife,White,Female,0,0,40,United-States,<=50K
8490,24,Private,508548,HS-grad,9,Married-civ-spouse,Farming-fishing,Husband,White,Male,0,0,50,United-States,<=50K
14696,51,Private,204447,Some-college,10,Married-civ-spouse,Prof-specialty,Husband,White,Male,0,0,45,United-States,>50K
19732,34,Federal-gov,345259,Doctorate,16,Never-married,Prof-specialty,Not-in-family,White,Female,0,0,99,United-States,<=50K
15159,30,Private,159442,HS-grad,9,Never-married,Other-service,Not-in-family,White,Female,0,0,40,Ireland,<=50K
16284,31,Private,180551,HS-grad,9,Married-civ-spouse,Adm-clerical,Wife,White,Female,0,0,40,United-States,>50K
29962,24,Private,275884,HS-grad,9,Separated,Other-service,Unmarried,Black,Female,0,0,40,United-States,<=50K
11408,23,Private,214542,Some-college,10,Never-married,Adm-clerical,Own-child,White,Male,0,0,20,United-States,<=50K
24227,45,Private,240841,Masters,14,Never-married,Prof-specialty,Not-in-family,White,Female,0,0,40,United-States,<=50K
25316,64,Self-emp-not-inc,219661,Prof-school,15,Married-civ-spouse,Prof-specialty,Husband,White,Male,0,0,9,United-States,>50K
20396,36,Private,248708,Assoc-acdm,12,Never-married,Craft-repair,Not-in-family,White,Male,0,0,40,United-States,<=50K
14257,20,Private,132320,Some-college,10,Separated,Craft-repair,Not-in-family,White,Male,0,0,40,United-States,<=50K
2112,46,Private,309895,Some-college,10,Separated,Adm-clerical,Unmarried,White,Female,0,0,40,United-States,<=50K
7641,44,Private,99203,7th-8th,4,Married-civ-spouse,Machine-op-inspct,Husband,White,Male,0,0,40,United-States,<=50K
14574,60,Self-emp-inc,336188,Prof-school,15,Married-civ-spouse,Prof-specialty,Husband,White,Male,0,2415,80,United-States,>50K
3678,53,Local-gov,181755,Masters,14,Divorced,Prof-specialty,Not-in-family,White,Female,0,0,35,United-States,>50K
7383,36,Private,128382,Some-college,10,Never-married,Machine-op-inspct,Unmarried,White,Male,0,0,45,United-States,<=50K
22335,45,Federal-gov,358242,Bachelors,13,Married-civ-spouse,Prof-specialty,Husband,White,Male,0,0,45,United-States,>50K
31018,48,Federal-gov,328606,HS-grad,9,Divorced,Handlers-cleaners,Not-in-family,White,Male,0,0,40,United-States,<=50K
2702,34,Private,92682,HS-grad,9,Never-married,Adm-clerical,Not-in-family,White,Female,4865,0,40,United-States,<=50K
14864,38,Private,194538,Assoc-voc,11,Married-civ-spouse,Machine-op-inspct,Husband,White,Male,0,0,48,United-States,>50K
9632,38,Private,35429,HS-grad,9,Married-civ-spouse,Handlers-cleaners,Husband,White,Male,0,2042,40,United-States,<=50K
16745,51,Private,74784,Bachelors,13,Divorced,Sales,Not-in-family,White,Female,0,0,60,United-States,<=50K
16656,38,Local-gov,169104,Bachelors,13,Married-civ-spouse,Protective-serv,Husband,Asian-Pac-Islander,Male,0,0,40,Philippines,>50K
24436,52,Private,174964,HS-grad,9,Married-civ-spouse,Sales,Husband,White,Male,0,0,40,United-States,>50K
23947,20,Self-emp-not-inc,306710,HS-grad,9,Never-married,Farming-fishing,Own-child,White,Male,0,0,40,United-States,<=50K
31881,59,Self-emp-not-inc,83542,Assoc-acdm,12,Divorced,Tech-support,Not-in-family,White,Male,0,0,40,United-States,<=50K
12174,55,Local-gov,99131,HS-grad,9,Married-civ-spouse,Prof-specialty,Other-relative,White,Female,0,2246,40,United-States,>50K
760,37,Private,103408,HS-grad,9,Never-married,Farming-fishing,Not-in-family,Black,Male,0,0,40,United-States,<=50K
8734,25,Private,179953,Masters,14,Never-married,Prof-specialty,Own-child,White,Female,2597,0,31,United-States,<=50K
17442,32,Private,183801,HS-grad,9,Divorced,Craft-repair,Own-child,White,Male,0,0,40,United-States,<=50K
11246,53,Self-emp-inc,96062,Bachelors,13,Married-civ-spouse,Exec-managerial,Husband,White,Male,0,1902,48,United-States,>50K
5138,49,Self-emp-inc,158685,HS-grad,9,Married-civ-spouse,Adm-clerical,Wife,White,Female,0,2377,40,United-States,>50K
13440,38,Local-gov,223004,Some-college,10,Divorced,Protective-serv,Not-in-family,White,Male,0,0,75,United-States,<=50K
15473,71,Local-gov,229110,HS-grad,9,Widowed,Exec-managerial,Other-relative,White,Female,0,0,33,United-States,<=50K
17664,45,Private,161954,Bachelors,13,Never-married,Prof-specialty,Not-in-family,White,Female,0,0,40,Germany,<=50K
22082,37,Private,36425,HS-grad,9,Never-married,Other-service,Not-in-family,White,Female,0,0,40,United-States,<=50K
30650,45,Private,155659,HS-grad,9,Married-civ-spouse,Craft-repair,Husband,White,Male,0,0,40,United-States,>50K
13753,46,Private,181810,HS-grad,9,Married-civ-spouse,Craft-repair,Husband,Black,Male,4064,0,40,United-States,<=50K
30956,33,Private,66278,Masters,14,Never-married,Prof-specialty,Not-in-family,White,Female,0,0,40,United-States,<=50K
9668,23,Private,143032,Masters,14,Never-married,Prof-specialty,Own-child,White,Female,0,0,36,United-States,<=50K
11441,67,Private,174603,HS-grad,9,Never-married,Exec-managerial,Not-in-family,White,Female,0,0,35,United-States,<=50K
22075,27,Private,136094,HS-grad,9,Never-married,Handlers-cleaners,Own-child,White,Male,0,0,40,United-States,<=50K
2707,27,Local-gov,204098,HS-grad,9,Married-civ-spouse,Handlers-cleaners,Other-relative,White,Male,0,0,50,United-States,<=50K
13698,33,Private,154120,HS-grad,9,Divorced,Handlers-cleaners,Own-child,White,Male,0,0,45,United-States,<=50K
21455,47,Private,105381,HS-grad,9,Divorced,Sales,Not-in-family,White,Female,0,0,40,United-States,<=50K
14707,62,Private,96099,HS-grad,9,Never-married,Craft-repair,Not-in-family,White,Male,0,0,40,United-States,<=50K
6037,40,Private,170214,HS-grad,9,Married-civ-spouse,Transport-moving,Husband,White,Male,0,0,40,United-States,>50K
17810,49,Private,120629,Bachelors,13,Divorced,Exec-managerial,Not-in-family,Black,Female,27828,0,60,United-States,>50K
19265,60,Local-gov,227332,Masters,14,Married-civ-spouse,Exec-managerial,Husband,White,Male,0,0,40,United-States,>50K
5326,29,Private,255476,7th-8th,4,Never-married,Handlers-cleaners,Own-child,White,Male,0,0,30,Mexico,<=50K
21888,31,Self-emp-not-inc,210164,HS-grad,9,Married-civ-spouse,Exec-managerial,Husband,White,Male,0,0,40,United-States,>50K
22937,46,Private,123598,Bachelors,13,Married-civ-spouse,Sales,Husband,White,Male,0,0,40,United-States,<=50K
14155,47,Self-emp-not-inc,265097,HS-grad,9,Married-civ-spouse,Transport-moving,Husband,White,Male,0,0,45,United-States,>50K
27804,37,Private,174844,Some-college,10,Married-civ-spouse,Other-service,Husband,White,Male,0,0,17,United-States,<=50K
1317,35,Private,119098,Doctorate,16,Married-civ-spouse,Prof-specialty,Husband,White,Male,7298,0,40,United-States,>50K
6589,25,Private,178505,Some-college,10,Never-married,Exec-managerial,Other-relative,White,Female,0,1504,45,United-States,<=50K
21883,38,Private,144860,HS-grad,9,Married-civ-spouse,Craft-repair,Husband,White,Male,0,0,65,United-States,<=50K
14857,38,Private,140854,Bachelors,13,Married-civ-spouse,Tech-support,Husband,White,Male,0,0,40,United-States,>50K
15612,25,Private,322585,HS-grad,9,Never-married,Sales,Not-in-family,White,Male,0,0,45,United-States,<=50K
28881,53,Private,73134,HS-grad,9,Married-civ-spouse,Sales,Husband,White,Male,15024,0,60,United-States,>50K
14834,29,Private,193152,HS-grad,9,Never-married,Handlers-cleaners,Not-in-family,White,Male,0,1408,40,United-States,<=50K
23443,41,Private,198965,HS-grad,9,Married-civ-spouse,Machine-op-inspct,Husband,White,Male,0,0,40,United-States,<=50K
4551,38,Self-emp-not-inc,108947,Some-college,10,Married-civ-spouse,Machine-op-inspct,Husband,White,Male,7688,0,40,United-States,>50K
30068,31,Local-gov,158291,Bachelors,13,Never-married,Craft-repair,Not-in-family,White,Male,8614,0,40,United-States,>50K
26330,29,Private,242482,HS-grad,9,Never-married,Other-service,Not-in-family,White,Male,0,0,32,United-States,<=50K
31015,49,Private,251180,7th-8th,4,Married-civ-spouse,Transport-moving,Husband,White,Male,2407,0,50,United-States,<=50K
965,28,Private,57066,HS-grad,9,Married-civ-spouse,Transport-moving,Husband,White,Male,0,0,40,United-States,<=50K
17922,37,Private,151835,Prof-school,15,Married-civ-spouse,Sales,Husband,White,Male,0,0,45,United-States,>50K
5278,23,Private,240160,Assoc-acdm,12,Never-married,Prof-specialty,Own-child,White,Male,0,0,40,United-States,<=50K
24313,20,State-gov,147280,HS-grad,9,Never-married,Other-service,Other-relative,Other,Male,0,0,40,United-States,<=50K
29248,61,Self-emp-not-inc,201965,HS-grad,9,Married-civ-spouse,Exec-managerial,Husband,White,Male,0,0,40,United-States,<=50K
14304,26,Private,192302,Some-college,10,Married-civ-spouse,Exec-managerial,Wife,White,Female,0,0,25,United-States,<=50K
16289,34,Local-gov,105540,Bachelors,13,Married-civ-spouse,Prof-specialty,Husband,White,Male,0,2051,40,United-States,<=50K
18376,21,Private,57951,Some-college,10,Never-married,Other-service,Own-child,White,Female,0,0,30,United-States,<=50K
14973,27,Private,255476,5th-6th,3,Never-married,Other-service,Other-relative,White,Male,0,0,40,Mexico,<=50K
449,20,Private,146538,HS-grad,9,Married-civ-spouse,Machine-op-inspct,Husband,White,Male,0,0,40,United-States,<=50K
16271,61,Private,199198,7th-8th,4,Widowed,Other-service,Not-in-family,Black,Female,0,0,21,United-States,<=50K
26301,50,Self-emp-not-inc,167728,Doctorate,16,Married-civ-spouse,Prof-specialty,Husband,White,Male,0,0,60,United-States,>50K
20754,44,Self-emp-not-inc,138975,HS-grad,9,Married-civ-spouse,Craft-repair,Husband,White,Male,0,0,55,United-States,<=50K
24864,61,Private,34632,12th,8,Married-spouse-absent,Prof-specialty,Not-in-family,White,Male,0,0,40,United-States,<=50K
26153,27,Private,32519,Some-college,10,Married-civ-spouse,Sales,Husband,Asian-Pac-Islander,Male,0,0,55,South,<=50K
25438,51,Self-emp-inc,100029,Doctorate,16,Married-civ-spouse,Prof-specialty,Husband,White,Male,15024,0,40,United-States,>50K
30652,45,Private,341762,Masters,14,Married-civ-spouse,Exec-managerial,Husband,White,Male,0,0,65,United-States,>50K
3409,29,Private,169815,Assoc-acdm,12,Married-civ-spouse,Sales,Husband,White,Male,0,0,50,United-States,>50K
9830,50,Self-emp-inc,204447,Some-college,10,Divorced,Protective-serv,Not-in-family,White,Male,0,0,40,United-States,<=50K
3922,29,Private,183627,11th,7,Divorced,Craft-repair,Not-in-family,White,Male,0,0,40,United-States,<=50K
6471,22,Private,117363,Bachelors,13,Never-married,Adm-clerical,Not-in-family,White,Female,0,0,35,United-States,<=50K
2591,50,Private,221336,HS-grad,9,Divorced,Adm-clerical,Other-relative,Asian-Pac-Islander,Female,0,0,40,Philippines,<=50K
12526,63,Self-emp-not-inc,147140,7th-8th,4,Married-civ-spouse,Farming-fishing,Husband,White,Male,0,0,60,United-States,>50K
6450,51,Private,145114,HS-grad,9,Divorced,Adm-clerical,Not-in-family,White,Female,0,0,40,United-States,<=50K
32477,35,Private,30673,12th,8,Married-civ-spouse,Craft-repair,Husband,White,Male,0,0,84,United-States,<=50K
6620,33,State-gov,295589,Some-college,10,Separated,Adm-clerical,Own-child,Black,Male,0,0,35,United-States,<=50K
22433,50,Self-emp-not-inc,172281,HS-grad,9,Married-civ-spouse,Exec-managerial,Husband,White,Male,7688,0,50,United-States,>50K
23165,59,Private,147989,Some-college,10,Married-civ-spouse,Tech-support,Husband,White,Male,0,0,50,United-States,>50K
17401,51,Private,441637,HS-grad,9,Married-civ-spouse,Tech-support,Husband,White,Male,0,0,40,United-States,<=50K
19390,31,Private,149507,Assoc-voc,11,Married-civ-spouse,Craft-repair,Husband,White,Male,3464,0,38,United-States,<=50K
4543,27,Private,367329,Assoc-voc,11,Married-civ-spouse,Farming-fishing,Husband,White,Male,0,0,40,United-States,<=50K
10288,67,Self-emp-not-inc,139960,7th-8th,4,Married-civ-spouse,Craft-repair,Husband,White,Male,0,0,40,United-States,<=50K
30008,38,State-gov,462832,Some-college,10,Married-civ-spouse,Exec-managerial,Wife,Black,Female,0,0,40,Trinadad&Tobago,<=50K
25494,32,Private,93930,HS-grad,9,Divorced,Machine-op-inspct,Not-in-family,White,Male,0,0,40,United-States,<=50K
21073,56,Federal-gov,61885,Bachelors,13,Never-married,Transport-moving,Not-in-family,Black,Male,0,2001,65,United-States,<=50K
15307,23,Private,50341,Masters,14,Never-married,Sales,Not-in-family,White,Female,0,0,20,United-States,<=50K
15651,68,Self-emp-not-inc,198554,Some-college,10,Divorced,Transport-moving,Not-in-family,White,Female,0,0,20,United-States,<=50K
21249,61,Self-emp-not-inc,92178,11th,7,Married-civ-spouse,Other-service,Husband,White,Male,0,0,40,United-States,<=50K
3784,33,Self-emp-not-inc,131568,HS-grad,9,Married-civ-spouse,Sales,Husband,White,Male,0,0,66,United-States,<=50K
16029,38,Local-gov,216129,Some-college,10,Married-spouse-absent,Exec-managerial,Unmarried,Black,Female,0,0,35,United-States,<=50K
20191,36,State-gov,223020,Some-college,10,Divorced,Other-service,Unmarried,Black,Female,0,0,20,United-States,<=50K
4402,48,Local-gov,31264,Some-college,10,Married-civ-spouse,Exec-managerial,Wife,White,Female,5178,0,40,United-States,>50K
26744,37,Private,209214,5th-6th,3,Never-married,Machine-op-inspct,Unmarried,White,Female,0,0,40,Mexico,<=50K
9330,52,Private,110977,Doctorate,16,Never-married,Exec-managerial,Not-in-family,White,Male,0,0,40,United-States,>50K
555,33,Federal-gov,319560,Assoc-voc,11,Divorced,Craft-repair,Unmarried,Black,Female,0,0,40,United-States,>50K
893,28,Private,164170,Assoc-voc,11,Married-civ-spouse,Adm-clerical,Wife,Asian-Pac-Islander,Female,0,0,40,India,<=50K
8202,22,Private,208946,Some-college,10,Never-married,Adm-clerical,Own-child,White,Male,0,0,25,United-States,<=50K
27507,44,Private,43711,Bachelors,13,Never-married,Other-service,Not-in-family,White,Male,0,0,48,United-States,<=50K
16528,46,Self-emp-inc,326048,Some-college,10,Married-civ-spouse,Exec-managerial,Husband,White,Male,0,0,40,United-States,>50K
54,50,Federal-gov,251585,Bachelors,13,Divorced,Exec-managerial,Not-in-family,White,Male,0,0,55,United-States,>50K
32515,40,Private,142657,Assoc-voc,11,Married-civ-spouse,Craft-repair,Husband,Black,Male,0,0,45,United-States,<=50K
5408,35,Private,175614,Assoc-voc,11,Divorced,Prof-specialty,Unmarried,White,Female,0,0,40,United-States,>50K
21448,41,State-gov,48997,HS-grad,9,Married-civ-spouse,Transport-moving,Husband,Black,Male,0,0,40,United-States,<=50K
17558,58,Local-gov,489085,Bachelors,13,Married-civ-spouse,Prof-specialty,Husband,Black,Male,0,0,40,United-States,<=50K
14526,32,Local-gov,206609,HS-grad,9,Never-married,Other-service,Own-child,White,Male,0,0,40,United-States,<=50K
13053,38,Private,103456,Bachelors,13,Separated,Prof-specialty,Unmarried,White,Male,0,0,40,United-States,<=50K
30124,63,Self-emp-not-inc,29859,7th-8th,4,Married-civ-spouse,Farming-fishing,Husband,White,Male,7688,0,60,United-States,>50K
31375,20,Private,63210,HS-grad,9,Never-married,Handlers-cleaners,Own-child,White,Male,0,0,15,United-States,<=50K
28955,50,Private,132716,HS-grad,9,Married-civ-spouse,Transport-moving,Husband,White,Male,0,0,40,United-States,>50K
12216,47,Self-emp-not-inc,159726,HS-grad,9,Married-civ-spouse,Craft-repair,Husband,White,Male,0,0,40,United-States,>50K
1732,46,Private,56482,Some-college,10,Never-married,Exec-managerial,Not-in-family,Black,Male,0,0,40,United-States,<=50K
16851,28,Private,65171,Some-college,10,Married-civ-spouse,Adm-clerical,Husband,White,Male,0,0,40,United-States,<=50K
19818,52,Self-emp-inc,260938,Some-college,10,Married-civ-spouse,Exec-managerial,Husband,White,Male,0,0,60,United-States,>50K
24929,45,Federal-gov,359808,Assoc-acdm,12,Never-married,Exec-managerial,Not-in-family,White,Male,0,0,40,United-States,<=50K
26539,28,Private,328923,HS-grad,9,Never-married,Adm-clerical,Other-relative,White,Female,0,0,38,United-States,<=50K
12479,41,State-gov,70884,HS-grad,9,Married-civ-spouse,Tech-support,Husband,White,Male,0,0,40,United-States,<=50K
11572,17,Private,250541,10th,6,Never-married,Other-service,Own-child,Black,Male,0,0,20,United-States,<=50K
4561,24,Private,403671,Some-college,10,Never-married,Machine-op-inspct,Not-in-family,White,Male,0,0,40,United-States,<=50K
2727,30,Federal-gov,68330,Bachelors,13,Never-married,Prof-specialty,Not-in-family,White,Male,0,0,40,United-States,>50K
3983,50,Private,139464,Bachelors,13,Divorced,Prof-specialty,Unmarried,White,Female,0,0,36,Ireland,<=50K
32418,20,Private,227778,Some-college,10,Never-married,Sales,Not-in-family,White,Female,0,0,56,United-States,<=50K
16635,62,Self-emp-not-inc,115176,HS-grad,9,Married-civ-spouse,Farming-fishing,Husband,White,Male,0,0,65,United-States,<=50K
11197,73,Private,139978,11th,7,Married-civ-spouse,Machine-op-inspct,Husband,White,Male,0,0,40,United-States,<=50K
1612,36,Private,85272,Assoc-acdm,12,Married-civ-spouse,Prof-specialty,Wife,White,Female,0,0,30,United-States,>50K
2593,77,Self-emp-not-inc,145329,HS-grad,9,Never-married,Machine-op-inspct,Not-in-family,White,Male,401,0,20,United-States,<=50K
11842,49,Private,122385,Masters,14,Married-civ-spouse,Exec-managerial,Husband,White,Male,0,0,40,United-States,>50K
23885,42,Private,296982,Some-college,10,Divorced,Sales,Unmarried,White,Male,0,0,40,United-States,<=50K
12546,35,Private,54159,HS-grad,9,Married-civ-spouse,Craft-repair,Husband,White,Male,0,0,38,United-States,<=50K
29068,23,Private,214120,HS-grad,9,Never-married,Priv-house-serv,Own-child,White,Male,0,0,40,United-States,<=50K
27157,34,Self-emp-not-inc,204052,HS-grad,9,Married-civ-spouse,Craft-repair,Husband,White,Male,0,0,40,United-States,>50K
11140,35,Private,167062,HS-grad,9,Married-civ-spouse,Adm-clerical,Husband,White,Male,0,0,40,United-States,<=50K
14359,34,Private,66309,HS-grad,9,Married-civ-spouse,Craft-repair,Husband,White,Male,0,0,35,United-States,<=50K
30970,51,Private,305673,Assoc-voc,11,Married-civ-spouse,Craft-repair,Husband,White,Male,0,0,40,Canada,>50K
12294,46,Self-emp-inc,123075,HS-grad,9,Married-civ-spouse,Protective-serv,Husband,White,Male,0,0,70,United-States,<=50K
6705,51,Self-emp-inc,162327,11th,7,Divorced,Sales,Not-in-family,White,Male,0,0,40,United-States,<=50K
13652,55,Private,199067,Bachelors,13,Married-civ-spouse,Exec-managerial,Husband,White,Male,15024,0,42,United-States,>50K
24111,19,Private,87497,11th,7,Never-married,Transport-moving,Other-relative,White,Male,0,0,10,United-States,<=50K
7858,30,Local-gov,370990,Masters,14,Never-married,Prof-specialty,Not-in-family,White,Female,0,0,40,United-States,<=50K
30095,65,Private,88513,HS-grad,9,Married-civ-spouse,Sales,Husband,White,Male,0,0,18,United-States,<=50K
14273,52,Self-emp-inc,138497,Bachelors,13,Married-civ-spouse,Exec-managerial,Husband,White,Male,0,0,60,United-States,<=50K
28685,20,Private,181675,HS-grad,9,Never-married,Other-service,Not-in-family,White,Male,0,0,40,United-States,<=50K
13286,53,Private,223660,HS-grad,9,Widowed,Machine-op-inspct,Not-in-family,White,Male,6849,0,40,United-States,<=50K
29490,36,Private,138441,Assoc-acdm,12,Married-civ-spouse,Tech-support,Husband,White,Male,0,0,55,United-States,<=50K
16187,19,Private,127709,HS-grad,9,Never-married,Farming-fishing,Own-child,Black,Male,0,0,30,United-States,<=50K
24335,32,Private,222205,Some-college,10,Married-civ-spouse,Prof-specialty,Wife,White,Female,0,0,40,United-States,>50K
5660,37,State-gov,151322,Bachelors,13,Never-married,Prof-specialty,Not-in-family,White,Male,0,0,40,United-States,<=50K
30541,30,Self-emp-not-inc,65278,Assoc-acdm,12,Never-married,Craft-repair,Own-child,White,Male,0,0,40,United-States,<=50K
23714,30,Local-gov,194740,Bachelors,13,Married-civ-spouse,Protective-serv,Husband,White,Male,0,0,40,United-States,<=50K
2704,18,Private,132652,11th,7,Never-married,Other-service,Own-child,White,Male,0,0,20,United-States,<=50K
14825,43,Private,114043,Some-college,10,Divorced,Adm-clerical,Unmarried,Black,Female,0,0,40,United-States,<=50K
426,25,Private,133373,HS-grad,9,Married-civ-spouse,Transport-moving,Husband,White,Male,0,0,60,United-States,<=50K
2387,33,Self-emp-not-inc,312055,Bachelors,13,Married-civ-spouse,Sales,Husband,White,Male,0,0,45,United-States,>50K
10558,46,Private,102308,HS-grad,9,Married-civ-spouse,Handlers-cleaners,Husband,White,Male,0,0,56,United-States,>50K
27457,40,Private,91959,Bachelors,13,Married-civ-spouse,Prof-specialty,Husband,White,Male,0,0,46,United-States,>50K
15870,57,Self-emp-not-inc,24473,Assoc-voc,11,Married-civ-spouse,Craft-repair,Husband,White,Male,0,0,40,United-States,>50K
31441,44,Private,201599,11th,7,Never-married,Machine-op-inspct,Unmarried,Black,Female,0,0,40,United-States,<=50K
21095,23,Private,227594,12th,8,Never-married,Machine-op-inspct,Own-child,White,Female,0,0,40,United-States,<=50K
26977,19,Private,164585,HS-grad,9,Never-married,Machine-op-inspct,Own-child,White,Female,0,0,40,United-States,<=50K
16564,19,Private,178147,HS-grad,9,Never-married,Sales,Own-child,White,Male,0,0,35,United-States,<=50K
6414,34,Self-emp-not-inc,181087,Assoc-voc,11,Married-civ-spouse,Craft-repair,Husband,White,Male,0,0,45,United-States,<=50K
21154,46,Private,247286,Some-college,10,Divorced,Sales,Unmarried,White,Female,0,0,40,United-States,<=50K
28487,24,Private,403671,HS-grad,9,Married-civ-spouse,Craft-repair,Husband,White,Male,0,0,60,United-States,<=50K
11663,47,Federal-gov,329205,Bachelors,13,Divorced,Prof-specialty,Unmarried,White,Male,0,0,40,United-States,<=50K
28568,33,Private,184784,10th,6,Divorced,Machine-op-inspct,Not-in-family,White,Female,0,0,40,United-States,<=50K
1018,51,Private,191965,HS-grad,9,Widowed,Other-service,Unmarried,White,Female,0,0,32,United-States,<=50K
18916,31,Self-emp-not-inc,186420,Masters,14,Separated,Tech-support,Not-in-family,White,Female,0,0,25,United-States,<=50K
3921,72,Private,53684,Some-college,10,Married-civ-spouse,Protective-serv,Husband,Black,Male,0,0,40,United-States,<=50K
30137,18,Private,266681,11th,7,Never-married,Other-service,Own-child,White,Male,0,0,20,United-States,<=50K
8295,50,Federal-gov,183611,Some-college,10,Never-married,Adm-clerical,Not-in-family,White,Male,0,0,40,United-States,<=50K
23895,46,Private,228372,Bachelors,13,Divorced,Sales,Unmarried,White,Male,0,0,40,United-States,>50K
3743,30,Private,173647,Some-college,10,Divorced,Transport-moving,Not-in-family,White,Male,0,0,40,United-States,<=50K
13115,44,Private,196545,Bachelors,13,Married-civ-spouse,Craft-repair,Husband,White,Male,7298,0,40,United-States,>50K
12653,38,Private,372484,11th,7,Never-married,Other-service,Own-child,Black,Female,0,0,40,United-States,<=50K
31343,62,Self-emp-not-inc,173631,Some-college,10,Married-civ-spouse,Exec-managerial,Husband,White,Male,0,0,70,United-States,<=50K
12551,37,Private,70282,Assoc-acdm,12,Never-married,Sales,Unmarried,Black,Female,0,0,40,United-States,<=50K
10709,45,Federal-gov,162410,Some-college,10,Widowed,Tech-support,Not-in-family,White,Female,0,0,45,United-States,>50K
22414,55,Private,86505,HS-grad,9,Married-civ-spouse,Tech-support,Husband,White,Male,0,0,20,United-States,<=50K
26782,42,Private,98427,HS-grad,9,Married-civ-spouse,Other-service,Wife,Black,Female,0,0,35,United-States,<=50K
106,32,Self-emp-inc,317660,HS-grad,9,Married-civ-spouse,Craft-repair,Husband,White,Male,7688,0,40,United-States,>50K
1692,17,Private,103851,11th,7,Never-married,Adm-clerical,Own-child,White,Female,1055,0,20,United-States,<=50K
5224,61,Private,73809,Some-college,10,Divorced,Adm-clerical,Not-in-family,White,Female,0,0,40,United-States,<=50K
24341,25,Private,187502,HS-grad,9,Never-married,Sales,Own-child,Black,Male,0,0,24,United-States,<=50K
15296,33,Private,205950,HS-grad,9,Never-married,Other-service,Own-child,White,Male,0,0,40,United-States,<=50K
15491,49,Private,318331,HS-grad,9,Divorced,Machine-op-inspct,Not-in-family,White,Male,0,0,40,United-States,<=50K
16948,34,Private,34848,Some-college,10,Married-civ-spouse,Transport-moving,Husband,White,Male,4064,0,40,United-States,<=50K
10568,47,Federal-gov,55377,Bachelors,13,Never-married,Adm-clerical,Unmarried,Black,Male,0,0,40,United-States,>50K
29483,32,Private,257978,Assoc-voc,11,Widowed,Tech-support,Unmarried,Black,Female,0,0,40,United-States,<=50K
